,user2,user3,user4,user5,user6,user7,user8,user9,user10,user11,user12,user13,user14,user15,user16,user17,user18,user20,user21,user22,user23,user24,user25,user26,user27,user28,user29,user30,user31,user32,user33,user34,user35,user36,user37,user38,user39,user40,user41,user42,user43,user44,user45,user46,user47,user48,user49,user50,user51,user52,user53,user54,user55,user56,user57,user58,user59,user60,user61,user62,user63,user64,user65,user66,user68,user69,user70,user71,user72,user73,user74,user75,user76,user77,user78,user79,user80,user81,user82,user83,user84,user85,user86,user87,user88,user89,user90,user91,user92,user94,user95,user96,user97,user98,user99,user100,user101,user102,user103,user104,user105,user106,user107,user108,user109,user110,user111,user113,user114,user115,user116,user117,user118,user119,user120,user121,user122,user123,user124,user125,user126,user127,user128,user129,user130,user131,user132,user133,user134,user135,user136,user137,user139,user140,user141,user142,user143,user144,user145,user146,user147,user148,user149,user150,user151,user152,user153,user154,user155,user156,user157,user158,user159,user161,user162,user163,user164,user166,user168,user170,user171,user172,user173,user174,user175,user176,user177,user178,user179,user180,user181,user182,user183,user184,user185,user186,user187,user189,user190,user191,user192,user193,user194,user195,user196,user198,user200,user201,user202,user203,user204,user205,user206,user207,user208,user209,user210,user211
0,System of a Down,Pleq,In Flames,Morcheeba,Savage Garden,System of a Down,Enigma,Paradise Lost,Morcheeba,Digital Summer,China Crisis,A7ie,The Sonics,Hocico,Μιχάλης Χατζηγιάννης,Fennesz,Nine Inch Nails,Rammstein,Café Del Mar,In Flames,System of a Down,Fear Factory,Digital Summer,Lacrimosa,Digital Summer,Static-X,Enigma,Café Del Mar,System of a Down,Café Del Mar,Enigma,System of a Down,Bob Dylan,Café Del Mar,Drowning Pool,KMFDM,Alpha Quadrant,Icon of Coil,Iron Maiden,Digital Summer,Café Del Mar,Digital Summer,Paradise Lost,System of a Down,Café Del Mar,Pet Shop Boys,Los Campesinos!,Drowning Pool,Nine Inch Nails,EMICIDA,Digital Summer,Digital Summer,Radiohead,Simple Plan,Paradise Lost,Miley Cyrus,System of a Down,Sigur Rós,Yann Tiersen,Paradise Lost,U2,Prince,Skillet,Depeche Mode,Fear Factory,J Dilla,The Doors,Dream Theater,Apocalyptica,Pet Shop Boys,Michael Jackson,Pitchshifter,Digital Summer,Arctic Monkeys,Aphex Twin,Dawn of Ashes,A Day to Remember,2Pac,Broken Social Scene,Pink Floyd,Nightwish,Paradise Lost,Caliban,Lady Gaga,Pixies,Enrique Iglesias,Muse,Einstürzende Neubauten,Nine Inch Nails,China Crisis,System of a Down,Madonna,Death Cab for Cutie,Britney Spears,System of a Down,The Smiths,Saosin,Tom Waits,Static-X,Linkin Park,Venetian Snares,blink-182,Metallica,Behemoth,Guns N' Roses,Britney Spears,Nine Inch Nails,System of a Down,Wir sind Helden,Eric Clapton,Nas,KMFDM,HIM,Sonata Arctica,KMFDM,Café Del Mar,The Velvet Underground,Gorillaz,Café Del Mar,The Beatles,Fear Factory,Avenged Sevenfold,Duran Duran,Café Del Mar,Drowning Pool,Radiohead,China Crisis,Drowning Pool,A Perfect Circle,Oasis,System of a Down,Café Del Mar,Digital Summer,System of a Down,Anything Box,The Cure,Frank Sinatra,System of a Down,Fergie,Hocico,Fear Factory,The Smiths,Rammstein,Mariah Carey,O Teatro Mágico,The Pretty Reckless,Poets of the Fall,A7ie,Bauhaus,Ministry of Sound,Deep Purple,Glee Cast,Paradise Lost,The Birthday Massacre,Paradise Lost,Brad Paisley,Dave Matthews Band,Belle and Sebastian,The National,Five Finger Death Punch,Café Del Mar,Fear Factory,System of a Down,John Mayer,Glee Cast,Interpol,Drowning Pool,Agalloch,Digital Summer,God Is an Astronaut,Placebo,Rihanna,Nightwish,Björk,The Cure,Avril Lavigne,Rammstein,A7ie,Ace of Base,Depeche Mode,MALICE MIZER,Daft Punk,Björk,The Beatles,Rammstein,Ill Niño,Metallica,Depeche Mode,Metallica,30 Seconds to Mars,Paradise Lost,Enter Shikari,Arctic Monkeys,Maria Mena,Motörhead,Café Del Mar,Depeche Mode,Digital Summer
1,Nightwish,The Verve,Sepultura,Ministry of Sound,Keyshia Cole,Static-X,Café Del Mar,In Flames,Café Del Mar,Drowning Pool,System of a Down,Enigma,The Fleshtones,yelworC,Lady Gaga,Hocico,Within Temptation,Bullet for My Valentine,Fennesz,Darkest Hour,Static-X,Paradise Lost,Drowning Pool,Within Temptation,Drowning Pool,Rammstein,Röyksopp,Enigma,Drowning Pool,Sepultura,Linkin Park,Static-X,Coldplay,China Crisis,Digital Summer,Pitchshifter,Combichrist,mind.in.a.box,U2,Dido,Enigma,Drowning Pool,In Flames,Metallica,Apocalyptica,Fleetwood Mac,Matt & Kim,Digital Summer,Muse,A Day to Remember,Drowning Pool,Drowning Pool,Black Milk,blink-182,In Flames,Britney Spears,Drowning Pool,Björk,Anathema,In Flames,Wir sind Helden,Talking Heads,This Beautiful Republic,Duran Duran,Rammstein,Radiohead,a-ha,HIM,Nightwish,Duran Duran,Thalía,Pain,Drowning Pool,Paramore,Autechre,Tactical Sekt,Green Day,Black Eyed Peas,Sufjan Stevens,Radiohead,Killswitch Engage,Tiamat,The Black Dahlia Murder,Avril Lavigne,Butthole Surfers,Atomic Kitten,Nine Inch Nails,Tom Waits,Judas Priest,a-ha,Drowning Pool,Duran Duran,65daysofstatic,Hilary Duff,Digital Summer,Talking Heads,Funeral for a Friend,The Beatles,Fear Factory,Atreyu,Aphex Twin,MGMT,Duran Duran,Marduk,The Doors,Rihanna,Oasis,Muse,Roxette,MALICE MIZER,Organized Konfusion,Pitchshifter,Metallica,Opeth,Pitchshifter,Ministry of Sound,Jelly Roll Morton,Death Cab for Cutie,Portishead,The Kills,Static-X,Bon Jovi,Silverchair,Morcheeba,Digital Summer,Joy Division,Paradise Lost,Depeche Mode,Deftones,Poets of the Fall,Fear Factory,Ayria,Papa Roach,Epica,Bonanza Banzai,Clan of Xymox,Elton John,Apocalyptica,Jennifer Lopez,yelworC,Sepultura,The All-American Rejects,Fear Factory,Beyoncé,Paramore,The Killers,Sigur Rós,In Flames,Misfits,Within Temptation,AC/DC,Red Hot Chili Peppers,In Flames,London After Midnight,In Flames,The Cure,Pearl Jam,The Cure,Beirut,Limp Bizkit,Enigma,Paradise Lost,Korn,Coldplay,Taylor Swift,Duran Duran,Digital Summer,Iron Maiden,Drowning Pool,Four Year Strong,Muse,Mariah Carey,Megadeth,Placebo,Pet Shop Boys,Evanescence,Static-X,Dawn of Ashes,Whitney Houston,Pet Shop Boys,Diary of Dreams,Ladytron,Sigur Rós,"Weird Al"" Yankovic	http://www.last.fm/music/%22Weird+Al%22+Yankovic	http://userserve-ak.last.fm/serve/252/38457043.png
1687	Liz Phair	http://www.last.fm/music/Liz+Phair	http://userserve-ak.last.fm/serve/252/3625312.jpg
1688	iamamiwhoami	http://www.last.fm/music/iamamiwhoami	http://userserve-ak.last.fm/serve/252/50060995.png
1689	Bowling for Soup	http://www.last.fm/music/Bowling+for+Soup	http://userserve-ak.last.fm/serve/252/8654.png
1690	Victoria Justice	http://www.last.fm/music/Victoria+Justice	http://userserve-ak.last.fm/serve/252/50577817.png
1691	Orianthi	http://www.last.fm/music/Orianthi	http://userserve-ak.last.fm/serve/252/44573133.png
1692	Keke Palmer	http://www.last.fm/music/Keke+Palmer	http://userserve-ak.last.fm/serve/252/18645007.jpg
1693	Christy Carlson Romano	http://www.last.fm/music/Christy+Carlson+Romano	http://userserve-ak.last.fm/serve/252/35993381.png
1694	Dolly Parton	http://www.last.fm/music/Dolly+Parton	http://userserve-ak.last.fm/serve/252/52223435.png
1695	Susan Egan/Vaneese Thomas/Cheryl Freeman/LaChanze/Lillias White	http://www.last.fm/music/Susan%2BEgan%252FVaneese%2BThomas%252FCheryl%2BFreeman%252FLaChanze%252FLillias%2BWhite	http://userserve-ak.last.fm/serve/252/27192431.jpg
1696	Billy Ray Cyrus	http://www.last.fm/music/Billy+Ray+Cyrus	http://userserve-ak.last.fm/serve/252/52206525.png
1697	Lady GaGa vs. Madonna	http://www.last.fm/music/Lady+GaGa+vs.+Madonna	http://userserve-ak.last.fm/serve/252/51493163.png
1698	Sterling Knight	http://www.last.fm/music/Sterling+Knight	http://userserve-ak.last.fm/serve/252/46373129.png
1699	Future Pop Stars United	http://www.last.fm/music/Future+Pop+Stars+United	
1700	Clint Mansell	http://www.last.fm/music/Clint+Mansell	http://userserve-ak.last.fm/serve/252/43698365.jpg
1701	Puscifer	http://www.last.fm/music/Puscifer	http://userserve-ak.last.fm/serve/252/24166757.jpg
1702	Eicca Toppinen	http://www.last.fm/music/Eicca+Toppinen	http://userserve-ak.last.fm/serve/252/28153707.jpg
1703	The Cult	http://www.last.fm/music/The+Cult	http://userserve-ak.last.fm/serve/252/20119735.jpg
1704	Unheilig	http://www.last.fm/music/Unheilig	http://userserve-ak.last.fm/serve/252/39041233.jpg
1705	Hans Zimmer	http://www.last.fm/music/Hans+Zimmer	http://userserve-ak.last.fm/serve/252/36498003.png
1706	Black Light Burns	http://www.last.fm/music/Black+Light+Burns	http://userserve-ak.last.fm/serve/252/16204483.jpg
1707	Dead Can Dance	http://www.last.fm/music/Dead+Can+Dance	http://userserve-ak.last.fm/serve/252/6722933.jpg
1708	Philip Glass	http://www.last.fm/music/Philip+Glass	http://userserve-ak.last.fm/serve/252/39449379.png
1709	Brian Eno	http://www.last.fm/music/Brian+Eno	http://userserve-ak.last.fm/serve/252/41657677.png
1710	Therion	http://www.last.fm/music/Therion	http://userserve-ak.last.fm/serve/252/144478.jpg
1711	Eisbrecher	http://www.last.fm/music/Eisbrecher	http://userserve-ak.last.fm/serve/252/26604579.jpg
1712	Megaherz	http://www.last.fm/music/Megaherz	http://userserve-ak.last.fm/serve/252/71634.jpg
1713	Dave Gahan	http://www.last.fm/music/Dave+Gahan	http://userserve-ak.last.fm/serve/252/11346493.jpg
1714	Oomph!	http://www.last.fm/music/Oomph%21	http://userserve-ak.last.fm/serve/252/345591.jpg
1715	Lisa Gerrard	http://www.last.fm/music/Lisa+Gerrard	http://userserve-ak.last.fm/serve/252/35374239.png
1716	Cliff Martinez	http://www.last.fm/music/Cliff+Martinez	http://userserve-ak.last.fm/serve/252/20313465.jpg
1717	Peter Broderick	http://www.last.fm/music/Peter+Broderick	http://userserve-ak.last.fm/serve/252/37130355.png
1718	Ani DiFranco	http://www.last.fm/music/Ani+DiFranco	http://userserve-ak.last.fm/serve/252/55163929.png
1719	Uzi & Ari	http://www.last.fm/music/Uzi%2B%2526%2BAri	http://userserve-ak.last.fm/serve/252/7693517.jpg
1720	Hauschka	http://www.last.fm/music/Hauschka	http://userserve-ak.last.fm/serve/252/36066251.jpg
1721	Jens Lekman	http://www.last.fm/music/Jens+Lekman	http://userserve-ak.last.fm/serve/252/5969452.jpg
1722	Olafur Arnalds	http://www.last.fm/music/+noredirect/Olafur+Arnalds	http://userserve-ak.last.fm/serve/252/16192165.jpg
1723	Anathallo	http://www.last.fm/music/Anathallo	http://userserve-ak.last.fm/serve/252/431922.jpg
1724	Flica	http://www.last.fm/music/Flica	http://userserve-ak.last.fm/serve/252/37249719.jpg
1725	Jon Foreman	http://www.last.fm/music/Jon+Foreman	http://userserve-ak.last.fm/serve/252/20774995.jpg
1726	Elio e le Storie Tese	http://www.last.fm/music/Elio+e+le+Storie+Tese	http://userserve-ak.last.fm/serve/252/151142.jpg
1727	Jóhann Jóhannsson	http://www.last.fm/music/J%C3%B3hann+J%C3%B3hannsson	http://userserve-ak.last.fm/serve/252/33909371.jpg
1728	Piano Magic	http://www.last.fm/music/Piano+Magic	http://userserve-ak.last.fm/serve/252/2989673.jpg
1729	Craig Armstrong	http://www.last.fm/music/Craig+Armstrong	http://userserve-ak.last.fm/serve/252/48907289.png
1730	Teitur	http://www.last.fm/music/Teitur	http://userserve-ak.last.fm/serve/252/6680527.jpg
1731	Hammock	http://www.last.fm/music/Hammock	http://userserve-ak.last.fm/serve/252/2888342.jpg
1732	Joanna Newsom	http://www.last.fm/music/Joanna+Newsom	http://userserve-ak.last.fm/serve/252/46246821.jpg
1733	A Weather	http://www.last.fm/music/A+Weather	http://userserve-ak.last.fm/serve/252/4406908.jpg
1734	Damien Jurado	http://www.last.fm/music/Damien+Jurado	http://userserve-ak.last.fm/serve/252/52173755.png
1735	Seabear	http://www.last.fm/music/Seabear	http://userserve-ak.last.fm/serve/252/21097609.jpg
1736	Balmorhea	http://www.last.fm/music/Balmorhea	http://userserve-ak.last.fm/serve/252/49191005.png
1737	Do Make Say Think	http://www.last.fm/music/Do+Make+Say+Think	http://userserve-ak.last.fm/serve/252/41133825.jpg
1738	Soulwax	http://www.last.fm/music/Soulwax	http://userserve-ak.last.fm/serve/252/9659025.jpg
1739	Frozen Silence	http://www.last.fm/music/Frozen+Silence	http://userserve-ak.last.fm/serve/252/8389585.jpg
1740	Soundtrack	http://www.last.fm/music/Soundtrack	http://userserve-ak.last.fm/serve/252/59972675.png
1741	Bobo Rondelli	http://www.last.fm/music/Bobo+Rondelli	http://userserve-ak.last.fm/serve/252/534646.jpg
1742	Ryuichi Sakamoto	http://www.last.fm/music/+noredirect/Ryuichi+Sakamoto	http://userserve-ak.last.fm/serve/252/37489485.jpg
1743	Ludovico Einaudi	http://www.last.fm/music/Ludovico+Einaudi	http://userserve-ak.last.fm/serve/252/36082491.png
1744	Goldmund	http://www.last.fm/music/Goldmund	http://userserve-ak.last.fm/serve/252/14273717.jpg
1745	Apparat	http://www.last.fm/music/Apparat	http://userserve-ak.last.fm/serve/252/7915.jpg
1746	Psapp	http://www.last.fm/music/Psapp	http://userserve-ak.last.fm/serve/252/260699.jpg
1747	Ólafur Arnalds	http://www.last.fm/music/%C3%93lafur+Arnalds	http://userserve-ak.last.fm/serve/252/25204219.jpg
1748	Nancy Elizabeth	http://www.last.fm/music/Nancy+Elizabeth	http://userserve-ak.last.fm/serve/252/171066.jpg
1749	Does It Offend You Yeah?	http://www.last.fm/music/+noredirect/Does+It+Offend+You+Yeah%3F	http://userserve-ak.last.fm/serve/252/416433.jpg
1750	Tom Barman	http://www.last.fm/music/Tom+Barman	http://userserve-ak.last.fm/serve/252/26712.jpg
1751	Mi and L'au	http://www.last.fm/music/Mi+and+L%27au	http://userserve-ak.last.fm/serve/252/30386775.jpg
1752	Ellen Allien	http://www.last.fm/music/Ellen+Allien	http://userserve-ak.last.fm/serve/252/10607467.jpg
1753	Whitetree	http://www.last.fm/music/Whitetree	http://userserve-ak.last.fm/serve/252/24848287.jpg
1754	Clare & the Reasons	http://www.last.fm/music/Clare%2B%2526%2Bthe%2BReasons	http://userserve-ak.last.fm/serve/252/42841217.jpg
1755	Chico Buarque	http://www.last.fm/music/Chico+Buarque	http://userserve-ak.last.fm/serve/252/34417893.jpg
1756	Ney Matogrosso	http://www.last.fm/music/Ney+Matogrosso	http://userserve-ak.last.fm/serve/252/10423895.jpg
1757	Secos & Molhados	http://www.last.fm/music/Secos%2B%2526%2BMolhados	http://userserve-ak.last.fm/serve/252/30772907.jpg
1758	Chicas	http://www.last.fm/music/Chicas	http://userserve-ak.last.fm/serve/252/12403615.jpg
1759	Oswaldo Montenegro	http://www.last.fm/music/Oswaldo+Montenegro	http://userserve-ak.last.fm/serve/252/434919.jpg
1760	Renato Russo	http://www.last.fm/music/Renato+Russo	http://userserve-ak.last.fm/serve/252/27364981.jpg
1761	Marcelo Camelo	http://www.last.fm/music/Marcelo+Camelo	http://userserve-ak.last.fm/serve/252/2203215.jpg
1762	Zbigniew Preisner	http://www.last.fm/music/Zbigniew+Preisner	http://userserve-ak.last.fm/serve/252/49754295.png
1763	Maria Rita	http://www.last.fm/music/Maria+Rita	http://userserve-ak.last.fm/serve/252/3082453.jpg
1764	Caetano Veloso	http://www.last.fm/music/Caetano+Veloso	http://userserve-ak.last.fm/serve/252/26728879.jpg
1765	Kevin Johansen	http://www.last.fm/music/Kevin+Johansen	http://userserve-ak.last.fm/serve/252/45727959.png
1766	Little Joy	http://www.last.fm/music/Little+Joy	http://userserve-ak.last.fm/serve/252/13094543.jpg
1767	Carla Bruni	http://www.last.fm/music/Carla+Bruni	http://userserve-ak.last.fm/serve/252/58420309.png
1768	Pato Fu	http://www.last.fm/music/Pato+Fu	http://userserve-ak.last.fm/serve/252/50454549.jpg
1769	Felpeyu	http://www.last.fm/music/Felpeyu	http://userserve-ak.last.fm/serve/252/5147071.jpg
1770	Erik Satie	http://www.last.fm/music/Erik+Satie	http://userserve-ak.last.fm/serve/252/58099319.png
1771	Rita Lee	http://www.last.fm/music/Rita+Lee	http://userserve-ak.last.fm/serve/252/45534123.jpg
1772	Norah Jones	http://www.last.fm/music/Norah+Jones	http://userserve-ak.last.fm/serve/252/29675555.png
1773	Yoñlu	http://www.last.fm/music/Yo%C3%B1lu	http://userserve-ak.last.fm/serve/252/4871664.jpg
1774	David Nevue	http://www.last.fm/music/David+Nevue	http://userserve-ak.last.fm/serve/252/31875.jpg
1775	Cássia Eller	http://www.last.fm/music/C%C3%A1ssia+Eller	http://userserve-ak.last.fm/serve/252/47831467.jpg
1776	Tiê	http://www.last.fm/music/Ti%C3%AA	http://userserve-ak.last.fm/serve/252/26064885.jpg
1777	Adam Green	http://www.last.fm/music/Adam+Green	http://userserve-ak.last.fm/serve/252/172182.jpg
1778	Eddie Vedder	http://www.last.fm/music/Eddie+Vedder	http://userserve-ak.last.fm/serve/252/54762409.png
1779	Cartola	http://www.last.fm/music/Cartola	http://userserve-ak.last.fm/serve/252/2573129.jpg
1780	Libera	http://www.last.fm/music/Libera	http://userserve-ak.last.fm/serve/252/55391.jpg
1781	Emilie Simon	http://www.last.fm/music/Emilie+Simon	http://userserve-ak.last.fm/serve/252/38508221.png
1782	Jonathan Larson	http://www.last.fm/music/Jonathan+Larson	http://userserve-ak.last.fm/serve/252/37484139.png
1783	Esbjörn Svensson Trio	http://www.last.fm/music/Esbj%C3%B6rn+Svensson+Trio	http://userserve-ak.last.fm/serve/252/10922935.jpg
1784	Бумбокс	http://www.last.fm/music/%D0%91%D1%83%D0%BC%D0%B1%D0%BE%D0%BA%D1%81	http://userserve-ak.last.fm/serve/252/41037805.png
1785	А-Студио	http://www.last.fm/music/%D0%90-%D0%A1%D1%82%D1%83%D0%B4%D0%B8%D0%BE	http://userserve-ak.last.fm/serve/252/58294183.png
1786	Сплин	http://www.last.fm/music/%D0%A1%D0%BF%D0%BB%D0%B8%D0%BD	http://userserve-ak.last.fm/serve/252/15193799.jpg
1787	UNKLE	http://www.last.fm/music/UNKLE	http://userserve-ak.last.fm/serve/252/60801413.jpg
1788	Агата Кристи	http://www.last.fm/music/%D0%90%D0%B3%D0%B0%D1%82%D0%B0+%D0%9A%D1%80%D0%B8%D1%81%D1%82%D0%B8	http://userserve-ak.last.fm/serve/252/374309.jpg
1789	5'nizza	http://www.last.fm/music/5%27nizza	http://userserve-ak.last.fm/serve/252/42861235.png
1790	Archive	http://www.last.fm/music/Archive	http://userserve-ak.last.fm/serve/252/55459395.png
1791	Океан Ельзи	http://www.last.fm/music/%D0%9E%D0%BA%D0%B5%D0%B0%D0%BD+%D0%95%D0%BB%D1%8C%D0%B7%D0%B8	http://userserve-ak.last.fm/serve/252/50711537.png
1792	SunSay	http://www.last.fm/music/SunSay	http://userserve-ak.last.fm/serve/252/44131813.jpg
1793	Schiller	http://www.last.fm/music/Schiller	http://userserve-ak.last.fm/serve/252/6617909.jpg
1794	Inspiral Carpets	http://www.last.fm/music/Inspiral+Carpets	http://userserve-ak.last.fm/serve/252/82262.jpg
1795	Sting	http://www.last.fm/music/Sting	http://userserve-ak.last.fm/serve/252/297599.jpg
1796	Nautilus Pompilius	http://www.last.fm/music/Nautilus+Pompilius	http://userserve-ak.last.fm/serve/252/40160361.jpg
1797	Guano Apes	http://www.last.fm/music/Guano+Apes	http://userserve-ak.last.fm/serve/252/57981323.jpg
1798	Umaturman	http://www.last.fm/music/Umaturman	http://userserve-ak.last.fm/serve/252/9723667.jpg
1799	Indochine	http://www.last.fm/music/Indochine	http://userserve-ak.last.fm/serve/252/25265787.jpg
1800	Amethystium	http://www.last.fm/music/Amethystium	http://userserve-ak.last.fm/serve/252/46302273.jpg
1801	Nightmares on Wax	http://www.last.fm/music/Nightmares+on+Wax	http://userserve-ak.last.fm/serve/252/27270575.jpg
1802	The Shadows	http://www.last.fm/music/The+Shadows	http://userserve-ak.last.fm/serve/252/45967795.png
1803	Mötley Crüe	http://www.last.fm/music/M%C3%B6tley+Cr%C3%BCe	http://userserve-ak.last.fm/serve/252/5056350.jpg
1804	T. Rex	http://www.last.fm/music/T.+Rex	http://userserve-ak.last.fm/serve/252/385010.jpg
1805	Suzi Quatro	http://www.last.fm/music/Suzi+Quatro	http://userserve-ak.last.fm/serve/252/4510299.jpg
1806	Syd Barrett	http://www.last.fm/music/Syd+Barrett	http://userserve-ak.last.fm/serve/252/256757.gif
1807	The Runaways	http://www.last.fm/music/The+Runaways	http://userserve-ak.last.fm/serve/252/30943833.jpg
1808	Ratt	http://www.last.fm/music/Ratt	http://userserve-ak.last.fm/serve/252/121803.jpg
1809	Stryper	http://www.last.fm/music/Stryper	http://userserve-ak.last.fm/serve/252/29021799.jpg
1810	Def Leppard	http://www.last.fm/music/Def+Leppard	http://userserve-ak.last.fm/serve/252/4889361.jpg
1811	Patti Smith	http://www.last.fm/music/Patti+Smith	http://userserve-ak.last.fm/serve/252/229952.gif
1812	Jerry Cantrell	http://www.last.fm/music/Jerry+Cantrell	http://userserve-ak.last.fm/serve/252/2485753.jpg
1813	The Black Crowes	http://www.last.fm/music/The+Black+Crowes	http://userserve-ak.last.fm/serve/252/307891.jpg
1814	Sex Pistols	http://www.last.fm/music/Sex+Pistols	http://userserve-ak.last.fm/serve/252/20073391.jpg
1815	Extremoduro	http://www.last.fm/music/Extremoduro	http://userserve-ak.last.fm/serve/252/2159914.jpg
1816	Héroes del Silencio	http://www.last.fm/music/H%C3%A9roes+del+Silencio	http://userserve-ak.last.fm/serve/252/30733333.jpg
1817	L7	http://www.last.fm/music/L7	http://userserve-ak.last.fm/serve/252/49771009.jpg
1818	Jazzanova	http://www.last.fm/music/Jazzanova	http://userserve-ak.last.fm/serve/252/51197.jpg
1819	Love Unlimited Orchestra	http://www.last.fm/music/Love+Unlimited+Orchestra	http://userserve-ak.last.fm/serve/252/44541.jpg
1820	Donna Summer	http://www.last.fm/music/Donna+Summer	http://userserve-ak.last.fm/serve/252/12752105.jpg
1821	Luther Vandross	http://www.last.fm/music/Luther+Vandross	http://userserve-ak.last.fm/serve/252/34814.jpg
1822	4hero	http://www.last.fm/music/4hero	http://userserve-ak.last.fm/serve/252/2551483.jpg
1823	MFSB	http://www.last.fm/music/MFSB	http://userserve-ak.last.fm/serve/252/30449019.jpg
1824	Zero 7	http://www.last.fm/music/Zero+7	http://userserve-ak.last.fm/serve/252/4156018.jpg
1825	The Jacksons	http://www.last.fm/music/The+Jacksons	http://userserve-ak.last.fm/serve/252/23110113.jpg
1826	Isaac Hayes	http://www.last.fm/music/Isaac+Hayes	http://userserve-ak.last.fm/serve/252/36084897.jpg
1827	808 State	http://www.last.fm/music/808+State	http://userserve-ak.last.fm/serve/252/380930.jpg
1828	Chaka Khan	http://www.last.fm/music/Chaka+Khan	http://userserve-ak.last.fm/serve/252/42706405.png
1829	Quincy Jones	http://www.last.fm/music/Quincy+Jones	http://userserve-ak.last.fm/serve/252/2413352.jpg
1830	Loose Ends	http://www.last.fm/music/Loose+Ends	http://userserve-ak.last.fm/serve/252/46099765.jpg
1831	David Sanborn	http://www.last.fm/music/David+Sanborn	http://userserve-ak.last.fm/serve/252/205912.jpg
1832	Chic	http://www.last.fm/music/Chic	http://userserve-ak.last.fm/serve/252/249510.jpg
1833	Nina Simone	http://www.last.fm/music/Nina+Simone	http://userserve-ak.last.fm/serve/252/304057.jpg
1834	Diana Ross	http://www.last.fm/music/Diana+Ross	http://userserve-ak.last.fm/serve/252/43497975.png
1835	The Cinematic Orchestra	http://www.last.fm/music/The+Cinematic+Orchestra	http://userserve-ak.last.fm/serve/252/328378.jpg
1836	Art of Noise	http://www.last.fm/music/Art+of+Noise	http://userserve-ak.last.fm/serve/252/36699465.jpg
1837	Scott Walker	http://www.last.fm/music/Scott+Walker	http://userserve-ak.last.fm/serve/252/20093391.jpg
1838	Stanton Warriors	http://www.last.fm/music/Stanton+Warriors	http://userserve-ak.last.fm/serve/252/97106.jpg
1839	Little Brother	http://www.last.fm/music/Little+Brother	http://userserve-ak.last.fm/serve/252/291076.jpg
1840	Trüby Trio	http://www.last.fm/music/Tr%C3%BCby+Trio	http://userserve-ak.last.fm/serve/252/271008.gif
1841	Musiq	http://www.last.fm/music/Musiq	http://userserve-ak.last.fm/serve/252/18246137.png
1842	Blue Six	http://www.last.fm/music/Blue+Six	http://userserve-ak.last.fm/serve/252/2164282.jpg
1843	Teddy Pendergrass	http://www.last.fm/music/Teddy+Pendergrass	http://userserve-ak.last.fm/serve/252/36176297.jpg
1844	Grace Jones	http://www.last.fm/music/Grace+Jones	http://userserve-ak.last.fm/serve/252/49373945.png
1845	Roy Ayers	http://www.last.fm/music/Roy+Ayers	http://userserve-ak.last.fm/serve/252/47668551.jpg
1846	Rick James	http://www.last.fm/music/Rick+James	http://userserve-ak.last.fm/serve/252/4705952.jpg
1847	Minnie Riperton	http://www.last.fm/music/Minnie+Riperton	http://userserve-ak.last.fm/serve/252/4418367.jpg
1848	Sarah Vaughan	http://www.last.fm/music/Sarah+Vaughan	http://userserve-ak.last.fm/serve/252/61159825.png
1849	Shawn Lee's Ping Pong Orchestra	http://www.last.fm/music/Shawn+Lee%27s+Ping+Pong+Orchestra	http://userserve-ak.last.fm/serve/252/5779624.jpg
1850	Teena Marie	http://www.last.fm/music/Teena+Marie	http://userserve-ak.last.fm/serve/252/206436.jpg
1851	Richard Wagner	http://www.last.fm/music/Richard+Wagner	http://userserve-ak.last.fm/serve/252/764793.jpg
1852	Red	http://www.last.fm/music/Red	http://userserve-ak.last.fm/serve/252/57284479.png
1853	blessthefall	http://www.last.fm/music/blessthefall	http://userserve-ak.last.fm/serve/252/61964557.jpg
1854	Breaking Benjamin	http://www.last.fm/music/Breaking+Benjamin	http://userserve-ak.last.fm/serve/252/187016.png
1855	Pillar	http://www.last.fm/music/Pillar	http://userserve-ak.last.fm/serve/252/84685.jpg
1856	Makeshift Romeo	http://www.last.fm/music/Makeshift+Romeo	http://userserve-ak.last.fm/serve/252/2501829.jpg
1857	YUI	http://www.last.fm/music/YUI	http://userserve-ak.last.fm/serve/252/48821695.png
1858	Thrice	http://www.last.fm/music/Thrice	http://userserve-ak.last.fm/serve/252/32533195.jpg
1859	Thousand Foot Krutch	http://www.last.fm/music/Thousand+Foot+Krutch	http://userserve-ak.last.fm/serve/252/4531305.jpg
1860	Jay-Z and Linkin Park	http://www.last.fm/music/Jay-Z+and+Linkin+Park	http://userserve-ak.last.fm/serve/252/16170933.jpg
1861	Heaven Shall Burn	http://www.last.fm/music/Heaven+Shall+Burn	http://userserve-ak.last.fm/serve/252/6819.jpg
1862	SMS	http://www.last.fm/music/SMS	http://userserve-ak.last.fm/serve/252/59415239.jpg
1863	Hollywood Undead	http://www.last.fm/music/Hollywood+Undead	http://userserve-ak.last.fm/serve/252/12148127.jpg
1864	Black Lab	http://www.last.fm/music/Black+Lab	http://userserve-ak.last.fm/serve/252/318463.jpg
1865	abingdon boys school	http://www.last.fm/music/abingdon+boys+school	http://userserve-ak.last.fm/serve/252/199753.jpg
1866	Yellowcard	http://www.last.fm/music/Yellowcard	http://userserve-ak.last.fm/serve/252/324800.jpg
1867	Disciple	http://www.last.fm/music/Disciple	http://userserve-ak.last.fm/serve/252/26476.jpg
1868	A Skylit Drive	http://www.last.fm/music/A+Skylit+Drive	http://userserve-ak.last.fm/serve/252/61964171.jpg
1869	D2	http://www.last.fm/music/D2	http://userserve-ak.last.fm/serve/252/336691.jpg
1870	Dope	http://www.last.fm/music/Dope	http://userserve-ak.last.fm/serve/252/404822.jpg
1871	Shane Dawson	http://www.last.fm/music/Shane+Dawson	http://userserve-ak.last.fm/serve/252/56679389.png
1872	Flow	http://www.last.fm/music/Flow	http://userserve-ak.last.fm/serve/252/175461.jpg
1873	Audioslave	http://www.last.fm/music/Audioslave	http://userserve-ak.last.fm/serve/252/27578.jpg
1874	Hoobastank	http://www.last.fm/music/Hoobastank	http://userserve-ak.last.fm/serve/252/188168.jpg
1875	The Frames	http://www.last.fm/music/The+Frames	http://userserve-ak.last.fm/serve/252/29443875.jpg
1876	Оригами	http://www.last.fm/music/%D0%9E%D1%80%D0%B8%D0%B3%D0%B0%D0%BC%D0%B8	http://userserve-ak.last.fm/serve/252/28618655.jpg
1877	access	http://www.last.fm/music/access	http://userserve-ak.last.fm/serve/252/87864.jpg
1878	Devo	http://www.last.fm/music/Devo	http://userserve-ak.last.fm/serve/252/322709.jpg
1879	Split Enz	http://www.last.fm/music/Split+Enz	http://userserve-ak.last.fm/serve/252/4535.jpg
1880	Fashion	http://www.last.fm/music/Fashion	http://userserve-ak.last.fm/serve/252/48583585.jpg
1881	XTC	http://www.last.fm/music/XTC	http://userserve-ak.last.fm/serve/252/50122009.png
1882	Pseudo Echo	http://www.last.fm/music/Pseudo+Echo	http://userserve-ak.last.fm/serve/252/158024.jpg
1883	The Cars	http://www.last.fm/music/The+Cars	http://userserve-ak.last.fm/serve/252/24875265.jpg
1884	Midnight Oil	http://www.last.fm/music/Midnight+Oil	http://userserve-ak.last.fm/serve/252/38097689.jpg
1885	Dead or Alive	http://www.last.fm/music/Dead+or+Alive	http://userserve-ak.last.fm/serve/252/845582.jpg
1886	Gary Numan	http://www.last.fm/music/Gary+Numan	http://userserve-ak.last.fm/serve/252/25496493.jpg
1887	Shriekback	http://www.last.fm/music/Shriekback	http://userserve-ak.last.fm/serve/252/30286367.png
1888	Wire	http://www.last.fm/music/Wire	http://userserve-ak.last.fm/serve/252/50402969.jpg
1889	Oingo Boingo	http://www.last.fm/music/Oingo+Boingo	http://userserve-ak.last.fm/serve/252/159186.jpg
1890	Sparks	http://www.last.fm/music/Sparks	http://userserve-ak.last.fm/serve/252/18039095.jpg
1891	Thomas Dolby	http://www.last.fm/music/Thomas+Dolby	http://userserve-ak.last.fm/serve/252/8084659.jpg
1892	Eurythmics	http://www.last.fm/music/Eurythmics	http://userserve-ak.last.fm/serve/252/45359295.png
1893	Yellow Magic Orchestra	http://www.last.fm/music/Yellow+Magic+Orchestra	http://userserve-ak.last.fm/serve/252/2430416.png
1894	Models	http://www.last.fm/music/Models	http://userserve-ak.last.fm/serve/252/26496541.jpg
1895	Visage	http://www.last.fm/music/Visage	http://userserve-ak.last.fm/serve/252/2620187.jpg
1896	Magazine	http://www.last.fm/music/Magazine	http://userserve-ak.last.fm/serve/252/29737253.jpg
1897	John Foxx	http://www.last.fm/music/John+Foxx	http://userserve-ak.last.fm/serve/252/24686895.jpg
1898	Landscape	http://www.last.fm/music/Landscape	http://userserve-ak.last.fm/serve/252/364023.jpg
1899	Scritti Politti	http://www.last.fm/music/Scritti+Politti	http://userserve-ak.last.fm/serve/252/23539433.jpg
1900	Yello	http://www.last.fm/music/Yello	http://userserve-ak.last.fm/serve/252/26338.jpg
1901	They Might Be Giants	http://www.last.fm/music/They+Might+Be+Giants	http://userserve-ak.last.fm/serve/252/40936.png
1902	New Musik	http://www.last.fm/music/New+Musik	http://userserve-ak.last.fm/serve/252/326289.jpg
1904	SHINee	http://www.last.fm/music/SHINee	http://userserve-ak.last.fm/serve/252/62178271.png
1905	Shinedown	http://www.last.fm/music/Shinedown	http://userserve-ak.last.fm/serve/252/6789005.jpg
1906	東方神起	http://www.last.fm/music/%E6%9D%B1%E6%96%B9%E7%A5%9E%E8%B5%B7	http://userserve-ak.last.fm/serve/252/58237359.png
1907	Mehdi	http://www.last.fm/music/Mehdi	http://userserve-ak.last.fm/serve/252/4671709.jpg
1908	増田俊郎	http://www.last.fm/music/%E5%A2%97%E7%94%B0%E4%BF%8A%E9%83%8E	http://userserve-ak.last.fm/serve/252/61393735.jpg
1909	和田薫	http://www.last.fm/music/%E5%92%8C%E7%94%B0%E8%96%AB	http://userserve-ak.last.fm/serve/252/332505.jpg
1910	the GazettE	http://www.last.fm/music/the+GazettE	http://userserve-ak.last.fm/serve/252/47843609.jpg
1912	See-Saw	http://www.last.fm/music/See-Saw	http://userserve-ak.last.fm/serve/252/12169417.png
1913	Ария	http://www.last.fm/music/%D0%90%D1%80%D0%B8%D1%8F	http://userserve-ak.last.fm/serve/252/45172263.jpg
1914	The 69 Eyes	http://www.last.fm/music/The+69+Eyes	http://userserve-ak.last.fm/serve/252/374511.jpg
1915	AYABIE	http://www.last.fm/music/AYABIE	http://userserve-ak.last.fm/serve/252/57572289.png
1917	Charon	http://www.last.fm/music/Charon	http://userserve-ak.last.fm/serve/252/137863.jpg
1918	동방신기	http://www.last.fm/music/%EB%8F%99%EB%B0%A9%EC%8B%A0%EA%B8%B0	http://userserve-ak.last.fm/serve/252/60372645.png
1919	HIGH and MIGHTY COLOR	http://www.last.fm/music/HIGH+and+MIGHTY+COLOR	http://userserve-ak.last.fm/serve/252/235650.jpg
1920	平野義久	http://www.last.fm/music/%E5%B9%B3%E9%87%8E%E7%BE%A9%E4%B9%85	http://userserve-ak.last.fm/serve/252/2314431.jpg
1921	audiomachine	http://www.last.fm/music/audiomachine	http://userserve-ak.last.fm/serve/252/33371873.jpg
1922	Rie fu	http://www.last.fm/music/Rie+fu	http://userserve-ak.last.fm/serve/252/57606873.png
1923	ギルガメッシュ	http://www.last.fm/music/%E3%82%AE%E3%83%AB%E3%82%AC%E3%83%A1%E3%83%83%E3%82%B7%E3%83%A5	http://userserve-ak.last.fm/serve/252/40099119.png
1925	Fool's Garden	http://www.last.fm/music/Fool%27s+Garden	http://userserve-ak.last.fm/serve/252/44438869.jpg
1927	Lovex	http://www.last.fm/music/Lovex	http://userserve-ak.last.fm/serve/252/2639106.jpg
1929	ASIAN KUNG-FU GENERATION	http://www.last.fm/music/ASIAN+KUNG-FU+GENERATION	http://userserve-ak.last.fm/serve/252/358164.jpg
1930	SUGIZO	http://www.last.fm/music/SUGIZO	http://userserve-ak.last.fm/serve/252/39428255.png
1931	Poisonblack	http://www.last.fm/music/Poisonblack	http://userserve-ak.last.fm/serve/252/10922063.jpg
1932	Acid Black Cherry	http://www.last.fm/music/Acid+Black+Cherry	http://userserve-ak.last.fm/serve/252/10807605.jpg
1933	ムック	http://www.last.fm/music/%E3%83%A0%E3%83%83%E3%82%AF	http://userserve-ak.last.fm/serve/252/52529379.png
1934	Adele	http://www.last.fm/music/Adele	http://userserve-ak.last.fm/serve/252/58466595.png
1935	Solange	http://www.last.fm/music/Solange	http://userserve-ak.last.fm/serve/252/51581573.png
1936	Jennifer Hudson	http://www.last.fm/music/Jennifer+Hudson	http://userserve-ak.last.fm/serve/252/61604051.png
1937	Michelle Williams	http://www.last.fm/music/Michelle+Williams	http://userserve-ak.last.fm/serve/252/51131419.png
1938	Stand Up to Cancer	http://www.last.fm/music/Stand+Up+to+Cancer	http://userserve-ak.last.fm/serve/252/11233471.jpg
1939	Ana Carolina; Seu Jorge	http://www.last.fm/music/Ana%2BCarolina%253B%2BSeu%2BJorge	http://userserve-ak.last.fm/serve/252/29568179.jpg
1940	Teyana Taylor	http://www.last.fm/music/Teyana+Taylor	http://userserve-ak.last.fm/serve/252/42700933.png
1941	Gnarls Barkley	http://www.last.fm/music/Gnarls+Barkley	http://userserve-ak.last.fm/serve/252/4230752.jpg
1942	Guru Josh Project	http://www.last.fm/music/Guru+Josh+Project	http://userserve-ak.last.fm/serve/252/49413149.png
1943	Flying Lotus	http://www.last.fm/music/Flying+Lotus	http://userserve-ak.last.fm/serve/252/8144147.jpg
1944	The Mountain Goats	http://www.last.fm/music/The+Mountain+Goats	http://userserve-ak.last.fm/serve/252/250.jpg
1945	Daedelus	http://www.last.fm/music/Daedelus	http://userserve-ak.last.fm/serve/252/15953121.jpg
1946	Madlib	http://www.last.fm/music/Madlib	http://userserve-ak.last.fm/serve/252/9613691.jpg
1947	Neutral Milk Hotel	http://www.last.fm/music/Neutral+Milk+Hotel	http://userserve-ak.last.fm/serve/252/2727.jpg
1948	Quasimoto	http://www.last.fm/music/Quasimoto	http://userserve-ak.last.fm/serve/252/23476087.jpg
1949	Okkervil River	http://www.last.fm/music/Okkervil+River	http://userserve-ak.last.fm/serve/252/12378923.jpg
1950	Madvillain	http://www.last.fm/music/Madvillain	http://userserve-ak.last.fm/serve/252/19668047.jpg
1951	Pomegranates	http://www.last.fm/music/Pomegranates	http://userserve-ak.last.fm/serve/252/53187247.jpg
1952	Raekwon	http://www.last.fm/music/Raekwon	http://userserve-ak.last.fm/serve/252/40242303.png
1953	Onra	http://www.last.fm/music/Onra	http://userserve-ak.last.fm/serve/252/50311455.jpg
1954	Yeasayer	http://www.last.fm/music/Yeasayer	http://userserve-ak.last.fm/serve/252/41083889.png
1955	BLK JKS	http://www.last.fm/music/BLK+JKS	http://userserve-ak.last.fm/serve/252/35632393.jpg
1956	Mount Kimbie	http://www.last.fm/music/Mount+Kimbie	http://userserve-ak.last.fm/serve/252/59965839.jpg
1957	Pavement	http://www.last.fm/music/Pavement	http://userserve-ak.last.fm/serve/252/55909211.png
1958	The Flaming Lips	http://www.last.fm/music/The+Flaming+Lips	http://userserve-ak.last.fm/serve/252/5923439.jpg
1959	Blu & Exile	http://www.last.fm/music/Blu%2B%2526%2BExile	http://userserve-ak.last.fm/serve/252/45644291.png
1960	Lightspeed Champion	http://www.last.fm/music/Lightspeed+Champion	http://userserve-ak.last.fm/serve/252/215444.jpg
1961	Actress	http://www.last.fm/music/Actress	http://userserve-ak.last.fm/serve/252/42642761.png
1962	King Geedorah	http://www.last.fm/music/King+Geedorah	http://userserve-ak.last.fm/serve/252/52019349.jpg
1963	MF DOOM	http://www.last.fm/music/MF+DOOM	http://userserve-ak.last.fm/serve/252/198289.jpg
1964	Deerhunter	http://www.last.fm/music/Deerhunter	http://userserve-ak.last.fm/serve/252/52001645.jpg
1965	Four Tet	http://www.last.fm/music/Four+Tet	http://userserve-ak.last.fm/serve/252/52097589.jpg
1966	Someone Still Loves You Boris Yeltsin	http://www.last.fm/music/Someone+Still+Loves+You+Boris+Yeltsin	http://userserve-ak.last.fm/serve/252/49302777.jpg
1967	Guilty Simpson	http://www.last.fm/music/Guilty+Simpson	http://userserve-ak.last.fm/serve/252/47208783.jpg
1968	Baaba Maal & Mansour Seck	http://www.last.fm/music/Baaba%2BMaal%2B%2526%2BMansour%2BSeck	http://userserve-ak.last.fm/serve/252/5290531.jpg
1969	Prefuse 73	http://www.last.fm/music/Prefuse+73	http://userserve-ak.last.fm/serve/252/33236975.png
1970	The Avalanches	http://www.last.fm/music/The+Avalanches	http://userserve-ak.last.fm/serve/252/207506.jpg
1971	Laura Marling	http://www.last.fm/music/Laura+Marling	http://userserve-ak.last.fm/serve/252/60875457.png
1972	K'naan	http://www.last.fm/music/K%27naan	http://userserve-ak.last.fm/serve/252/22838769.jpg
1973	Aloe Blacc	http://www.last.fm/music/Aloe+Blacc	http://userserve-ak.last.fm/serve/252/23225409.jpg
1974	Rage Against the Machine	http://www.last.fm/music/Rage+Against+the+Machine	http://userserve-ak.last.fm/serve/252/380903.jpg
1975	O.S.T.R.	http://www.last.fm/music/O.S.T.R.	http://userserve-ak.last.fm/serve/252/5118511.jpg
1976	The Black Keys	http://www.last.fm/music/The+Black+Keys	http://userserve-ak.last.fm/serve/252/51463261.jpg
1977	The Raconteurs	http://www.last.fm/music/The+Raconteurs	http://userserve-ak.last.fm/serve/252/5514986.jpg
1978	Cool Kids of Death	http://www.last.fm/music/Cool+Kids+of+Death	http://userserve-ak.last.fm/serve/252/4898.jpg
1979	Cypress Hill	http://www.last.fm/music/Cypress+Hill	http://userserve-ak.last.fm/serve/252/40142925.png
1980	Czesław Śpiewa	http://www.last.fm/music/Czes%C5%82aw+%C5%9Apiewa	http://userserve-ak.last.fm/serve/252/56497301.png
1981	Kult	http://www.last.fm/music/Kult	http://userserve-ak.last.fm/serve/252/5242661.jpg
1982	Muchy	http://www.last.fm/music/Muchy	http://userserve-ak.last.fm/serve/252/42986369.png
1983	The Knife	http://www.last.fm/music/The+Knife	http://userserve-ak.last.fm/serve/252/43463431.png
1984	Pidżama Porno	http://www.last.fm/music/Pid%C5%BCama+Porno	http://userserve-ak.last.fm/serve/252/46154339.jpg
1985	Chris Cornell	http://www.last.fm/music/Chris+Cornell	http://userserve-ak.last.fm/serve/252/8513019.jpg
1986	Metronomy	http://www.last.fm/music/Metronomy	http://userserve-ak.last.fm/serve/252/54917963.png
1987	Dick4Dick	http://www.last.fm/music/Dick4Dick	http://userserve-ak.last.fm/serve/252/18464229.jpg
1988	The Subways	http://www.last.fm/music/The+Subways	http://userserve-ak.last.fm/serve/252/13357651.jpg
1989	Paktofonika	http://www.last.fm/music/Paktofonika	http://userserve-ak.last.fm/serve/252/85662.jpg
1990	Fever Ray	http://www.last.fm/music/Fever+Ray	http://userserve-ak.last.fm/serve/252/37542119.png
1991	The Von Bondies	http://www.last.fm/music/The+Von+Bondies	http://userserve-ak.last.fm/serve/252/5750717.jpg
1992	King Diamond	http://www.last.fm/music/King+Diamond	http://userserve-ak.last.fm/serve/252/395015.jpg
1993	Falconer	http://www.last.fm/music/Falconer	http://userserve-ak.last.fm/serve/252/6321.jpg
1994	Devin Townsend	http://www.last.fm/music/Devin+Townsend	http://userserve-ak.last.fm/serve/252/60982003.jpg
1995	Vanden Plas	http://www.last.fm/music/Vanden+Plas	http://userserve-ak.last.fm/serve/252/153902.jpg
1996	Allen/Lande	http://www.last.fm/music/Allen%252FLande	http://userserve-ak.last.fm/serve/252/42330123.jpg
1997	Dragonland	http://www.last.fm/music/Dragonland	http://userserve-ak.last.fm/serve/252/515795.jpg
1998	Liquid Tension Experiment	http://www.last.fm/music/Liquid+Tension+Experiment	http://userserve-ak.last.fm/serve/252/51931491.png
1999	Stemage	http://www.last.fm/music/Stemage	http://userserve-ak.last.fm/serve/252/57961699.jpg
2000	いきものがかり	http://www.last.fm/music/%E3%81%84%E3%81%8D%E3%82%82%E3%81%AE%E3%81%8C%E3%81%8B%E3%82%8A	http://userserve-ak.last.fm/serve/252/45977659.png
2001	Al Di Meola	http://www.last.fm/music/Al+Di+Meola	http://userserve-ak.last.fm/serve/252/34130189.jpg
2002	John Petrucci	http://www.last.fm/music/John+Petrucci	http://userserve-ak.last.fm/serve/252/3913961.jpg
2003	Spock's Beard	http://www.last.fm/music/Spock%27s+Beard	http://userserve-ak.last.fm/serve/252/430197.jpg
2004	Jorn	http://www.last.fm/music/Jorn	http://userserve-ak.last.fm/serve/252/4945503.jpg
2005	Shadow Gallery	http://www.last.fm/music/Shadow+Gallery	http://userserve-ak.last.fm/serve/252/193404.jpg
2006	Pain of Salvation	http://www.last.fm/music/Pain+of+Salvation	http://userserve-ak.last.fm/serve/252/53572699.png
2007	Random	http://www.last.fm/music/Random	http://userserve-ak.last.fm/serve/252/5308391.jpg
2008	Don Ross	http://www.last.fm/music/Don+Ross	http://userserve-ak.last.fm/serve/252/122043.jpg
2009	DragonForce	http://www.last.fm/music/DragonForce	http://userserve-ak.last.fm/serve/252/59545409.jpg
2010	Russell Allen	http://www.last.fm/music/Russell+Allen	http://userserve-ak.last.fm/serve/252/130516.jpg
2011	Rampkorv	http://www.last.fm/music/Rampkorv	http://userserve-ak.last.fm/serve/252/360303.jpg
2012	key	http://www.last.fm/music/key	http://userserve-ak.last.fm/serve/252/59003911.jpg
2013	Blue Öyster Cult	http://www.last.fm/music/Blue+%C3%96yster+Cult	http://userserve-ak.last.fm/serve/252/51996313.png
2014	Lacuna Coil	http://www.last.fm/music/Lacuna+Coil	http://userserve-ak.last.fm/serve/252/3766299.jpg
2015	Axenstar	http://www.last.fm/music/Axenstar	http://userserve-ak.last.fm/serve/252/297166.jpg
2016	Transatlantic	http://www.last.fm/music/Transatlantic	http://userserve-ak.last.fm/serve/252/27054587.jpg
2017	Eureka Seven	http://www.last.fm/music/Eureka+Seven	http://userserve-ak.last.fm/serve/252/3596758.jpg
2018	September	http://www.last.fm/music/September	http://userserve-ak.last.fm/serve/252/58563833.png
2019	Stacie Orrico	http://www.last.fm/music/Stacie+Orrico	http://userserve-ak.last.fm/serve/252/241204.jpg
2020	Leighton Meester	http://www.last.fm/music/Leighton+Meester	http://userserve-ak.last.fm/serve/252/47058155.png
2021	Victoria Beckham	http://www.last.fm/music/Victoria+Beckham	http://userserve-ak.last.fm/serve/252/49654517.png
2022	Melanie C	http://www.last.fm/music/Melanie+C	http://userserve-ak.last.fm/serve/252/43492771.png
2023	Gloria Estefan	http://www.last.fm/music/Gloria+Estefan	http://userserve-ak.last.fm/serve/252/402790.jpg
2024	Emma Bunton	http://www.last.fm/music/Emma+Bunton	http://userserve-ak.last.fm/serve/252/38987773.png
2025	Simon Curtis	http://www.last.fm/music/Simon+Curtis	http://userserve-ak.last.fm/serve/252/56863629.png
2026	The Residents	http://www.last.fm/music/The+Residents	http://userserve-ak.last.fm/serve/252/58913067.png
2027	Frankie Goes to Hollywood	http://www.last.fm/music/Frankie+Goes+to+Hollywood	http://userserve-ak.last.fm/serve/252/37480059.png
2028	Пикник	http://www.last.fm/music/%D0%9F%D0%B8%D0%BA%D0%BD%D0%B8%D0%BA	http://userserve-ak.last.fm/serve/252/24360653.png
2029	Madness	http://www.last.fm/music/Madness	http://userserve-ak.last.fm/serve/252/131951.jpg
2030	Coil	http://www.last.fm/music/Coil	http://userserve-ak.last.fm/serve/252/5436314.jpg
2031	Bee Gees	http://www.last.fm/music/Bee+Gees	http://userserve-ak.last.fm/serve/252/51297819.png
2032	Die Apokalyptischen Reiter	http://www.last.fm/music/Die+Apokalyptischen+Reiter	http://userserve-ak.last.fm/serve/252/8558685.jpg
2033	Ska-P	http://www.last.fm/music/Ska-P	http://userserve-ak.last.fm/serve/252/13226299.jpg
2034	Los Fastidios	http://www.last.fm/music/Los+Fastidios	http://userserve-ak.last.fm/serve/252/12223701.jpg
2035	Steve Jablonsky	http://www.last.fm/music/Steve+Jablonsky	http://userserve-ak.last.fm/serve/252/48907483.png
2036	The Business	http://www.last.fm/music/The+Business	http://userserve-ak.last.fm/serve/252/22362721.jpg
2037	Tuxedomoon	http://www.last.fm/music/Tuxedomoon	http://userserve-ak.last.fm/serve/252/33455197.jpg
2038	In Extremo	http://www.last.fm/music/In+Extremo	http://userserve-ak.last.fm/serve/252/582501.jpg
2039	Deutsch Amerikanische Freundschaft	http://www.last.fm/music/Deutsch+Amerikanische+Freundschaft	http://userserve-ak.last.fm/serve/252/37479595.jpg
2040	Luciano Pavarotti	http://www.last.fm/music/Luciano+Pavarotti	http://userserve-ak.last.fm/serve/252/2311411.jpg
2041	[:SITD:]	http://www.last.fm/music/%5B%3ASITD%3A%5D	http://userserve-ak.last.fm/serve/252/41368613.jpg
2042	SPK	http://www.last.fm/music/SPK	http://userserve-ak.last.fm/serve/252/560827.jpg
2043	Cabaret Voltaire	http://www.last.fm/music/Cabaret+Voltaire	http://userserve-ak.last.fm/serve/252/30386709.png
2044	Sarah Brightman	http://www.last.fm/music/Sarah+Brightman	http://userserve-ak.last.fm/serve/252/49885835.png
2045	Immediate Music	http://www.last.fm/music/Immediate+Music	http://userserve-ak.last.fm/serve/252/30508173.jpg
2046	Alessandro Safina	http://www.last.fm/music/Alessandro+Safina	http://userserve-ak.last.fm/serve/252/3099286.jpg
2047	Andrea Bocelli	http://www.last.fm/music/Andrea+Bocelli	http://userserve-ak.last.fm/serve/252/27644811.jpg
2048	Riccardo Cocciante	http://www.last.fm/music/Riccardo+Cocciante	http://userserve-ak.last.fm/serve/252/34664477.jpg
2049	Sarah Brightman & Andrea Bocelli	http://www.last.fm/music/Sarah%2BBrightman%2B%2526%2BAndrea%2BBocelli	http://userserve-ak.last.fm/serve/252/11089273.jpg
2050	Il Divo	http://www.last.fm/music/Il+Divo	http://userserve-ak.last.fm/serve/252/2767914.jpg
2051	Josh Groban	http://www.last.fm/music/Josh+Groban	http://userserve-ak.last.fm/serve/252/44862087.png
2052	Susan Boyle	http://www.last.fm/music/Susan+Boyle	http://userserve-ak.last.fm/serve/252/35402801.png
2053	Cristian Castro	http://www.last.fm/music/Cristian+Castro	http://userserve-ak.last.fm/serve/252/27615187.png
2054	Emma Shapplin	http://www.last.fm/music/Emma+Shapplin	http://userserve-ak.last.fm/serve/252/36434199.png
2055	Andrew Lloyd Webber	http://www.last.fm/music/Andrew+Lloyd+Webber	http://userserve-ak.last.fm/serve/252/48962945.jpg
2056	Adela Popescu	http://www.last.fm/music/Adela+Popescu	http://userserve-ak.last.fm/serve/252/70897.jpg
2057	Midnight Hour	http://www.last.fm/music/Midnight+Hour	http://userserve-ak.last.fm/serve/252/42900831.jpg
2058	marger	http://www.last.fm/music/marger	http://userserve-ak.last.fm/serve/252/51269601.jpg
2059	Vanessa-Mae	http://www.last.fm/music/Vanessa-Mae	http://userserve-ak.last.fm/serve/252/10385729.jpg
2060	Cirque du Soleil	http://www.last.fm/music/Cirque+du+Soleil	http://userserve-ak.last.fm/serve/252/37601123.jpg
2061	Petra Berger	http://www.last.fm/music/Petra+Berger	http://userserve-ak.last.fm/serve/252/370035.jpg
2062	In This Moment	http://www.last.fm/music/In+This+Moment	http://userserve-ak.last.fm/serve/252/47043739.jpg
2063	Anastasia Lazariuc	http://www.last.fm/music/Anastasia+Lazariuc	http://userserve-ak.last.fm/serve/252/20242853.jpg
2064	Ana Gabriel	http://www.last.fm/music/Ana+Gabriel	http://userserve-ak.last.fm/serve/252/50297073.jpg
2065	Marco Antonio Solís	http://www.last.fm/music/Marco+Antonio+Sol%C3%ADs	http://userserve-ak.last.fm/serve/252/34399585.png
2066	Rhydian	http://www.last.fm/music/Rhydian	http://userserve-ak.last.fm/serve/252/51984535.png
2067	Lara Fabian	http://www.last.fm/music/Lara+Fabian	http://userserve-ak.last.fm/serve/252/48473929.jpg
2068	Yiruma	http://www.last.fm/music/Yiruma	http://userserve-ak.last.fm/serve/252/3660473.jpg
2069	Stream of Passion	http://www.last.fm/music/Stream+of+Passion	http://userserve-ak.last.fm/serve/252/40440003.png
2070	Vasco Rossi	http://www.last.fm/music/Vasco+Rossi	http://userserve-ak.last.fm/serve/252/2341744.jpg
2071	Michael Giacchino	http://www.last.fm/music/Michael+Giacchino	http://userserve-ak.last.fm/serve/252/45956155.jpg
2072	Keedie	http://www.last.fm/music/Keedie	http://userserve-ak.last.fm/serve/252/3389123.jpg
2073	Giorgia Fumanti	http://www.last.fm/music/Giorgia+Fumanti	http://userserve-ak.last.fm/serve/252/25057395.jpg
2074	David Bustamante	http://www.last.fm/music/David+Bustamante	http://userserve-ak.last.fm/serve/252/49141589.png
2075	Gregorian	http://www.last.fm/music/Gregorian	http://userserve-ak.last.fm/serve/252/3670682.jpg
2076	Katherine Jenkins	http://www.last.fm/music/Katherine+Jenkins	http://userserve-ak.last.fm/serve/252/39165107.png
2077	Vega 4	http://www.last.fm/music/Vega+4	http://userserve-ak.last.fm/serve/252/309878.jpg
2078	Daniela Castro	http://www.last.fm/music/Daniela+Castro	http://userserve-ak.last.fm/serve/252/45059437.jpg
2079	Sissel	http://www.last.fm/music/Sissel	http://userserve-ak.last.fm/serve/252/23637541.jpg
2080	NX Zero	http://www.last.fm/music/NX+Zero	http://userserve-ak.last.fm/serve/252/54957459.png
2081	Dev	http://www.last.fm/music/Dev	http://userserve-ak.last.fm/serve/252/50267933.png
2082	Marjorie Estiano	http://www.last.fm/music/Marjorie+Estiano	http://userserve-ak.last.fm/serve/252/55601345.png
2083	M.I.A.	http://www.last.fm/music/M.I.A.	http://userserve-ak.last.fm/serve/252/18291007.jpg
2084	DJ Earworm	http://www.last.fm/music/DJ+Earworm	http://userserve-ak.last.fm/serve/252/13746991.jpg
2085	The Cataracs	http://www.last.fm/music/The+Cataracs	http://userserve-ak.last.fm/serve/252/57324519.png
2086	Perfume	http://www.last.fm/music/Perfume	http://userserve-ak.last.fm/serve/252/61622499.png
2087	Aural Vampire	http://www.last.fm/music/Aural+Vampire	http://userserve-ak.last.fm/serve/252/19640641.jpg
2088	Alan	http://www.last.fm/music/Alan	http://userserve-ak.last.fm/serve/252/54197675.png
2089	티아라	http://www.last.fm/music/%ED%8B%B0%EC%95%84%EB%9D%BC	http://userserve-ak.last.fm/serve/252/61185587.png
2090	UNLIMITS	http://www.last.fm/music/UNLIMITS	http://userserve-ak.last.fm/serve/252/34744235.jpg
2091	4minute	http://www.last.fm/music/4minute	http://userserve-ak.last.fm/serve/252/61006529.png
2092	소녀시대	http://www.last.fm/music/%EC%86%8C%EB%85%80%EC%8B%9C%EB%8C%80	http://userserve-ak.last.fm/serve/252/59913405.png
2093	Versailles	http://www.last.fm/music/Versailles	http://userserve-ak.last.fm/serve/252/61956413.png
2094	BoA	http://www.last.fm/music/BoA	http://userserve-ak.last.fm/serve/252/11641669.jpg
2095	Aira Mitsuki	http://www.last.fm/music/Aira+Mitsuki	http://userserve-ak.last.fm/serve/252/54693731.png
2096	exist†trace	http://www.last.fm/music/exist%E2%80%A0trace	http://userserve-ak.last.fm/serve/252/54125657.jpg
2097	Brown Eyed Girls	http://www.last.fm/music/Brown+Eyed+Girls	http://userserve-ak.last.fm/serve/252/55562697.png
2098	Kara	http://www.last.fm/music/Kara	http://userserve-ak.last.fm/serve/252/54175899.png
2099	윤하	http://www.last.fm/music/%EC%9C%A4%ED%95%98	http://userserve-ak.last.fm/serve/252/33275075.png
2100	D'espairsRay	http://www.last.fm/music/D%27espairsRay	http://userserve-ak.last.fm/serve/252/61703145.png
2101	Capsule	http://www.last.fm/music/Capsule	http://userserve-ak.last.fm/serve/252/60717699.png
2102	倖田來未	http://www.last.fm/music/%E5%80%96%E7%94%B0%E4%BE%86%E6%9C%AA	http://userserve-ak.last.fm/serve/252/61380751.png
2103	-OZ-	http://www.last.fm/music/-OZ-	http://userserve-ak.last.fm/serve/252/54200073.png
2104	ルルティア	http://www.last.fm/music/%E3%83%AB%E3%83%AB%E3%83%86%E3%82%A3%E3%82%A2	http://userserve-ak.last.fm/serve/252/47993353.png
2105	Aqua Timez	http://www.last.fm/music/Aqua+Timez	http://userserve-ak.last.fm/serve/252/56696457.png
2106	U-KISS	http://www.last.fm/music/U-KISS	http://userserve-ak.last.fm/serve/252/61158727.png
2107	태양	http://www.last.fm/music/%ED%83%9C%EC%96%91	http://userserve-ak.last.fm/serve/252/48517789.png
2108	OreSkaBand	http://www.last.fm/music/OreSkaBand	http://userserve-ak.last.fm/serve/252/22743359.jpg
2109	Asriel	http://www.last.fm/music/Asriel	http://userserve-ak.last.fm/serve/252/27375803.png
2110	Kaya	http://www.last.fm/music/Kaya	http://userserve-ak.last.fm/serve/252/60107345.png
2111	鬼束ちひろ	http://www.last.fm/music/%E9%AC%BC%E6%9D%9F%E3%81%A1%E3%81%B2%E3%82%8D	http://userserve-ak.last.fm/serve/252/12324.png
2112	妖精帝國	http://www.last.fm/music/%E5%A6%96%E7%B2%BE%E5%B8%9D%E5%9C%8B	http://userserve-ak.last.fm/serve/252/51882979.png
2113	heidi.	http://www.last.fm/music/heidi.	http://userserve-ak.last.fm/serve/252/58142943.png
2114	아웃사이더	http://www.last.fm/music/%EC%95%84%EC%9B%83%EC%82%AC%EC%9D%B4%EB%8D%94	http://userserve-ak.last.fm/serve/252/53286267.png
2115	Saori@destiny	http://www.last.fm/music/Saori%40destiny	http://userserve-ak.last.fm/serve/252/45008387.png
2116	Kalafina	http://www.last.fm/music/Kalafina	http://userserve-ak.last.fm/serve/252/61186721.png
2117	시크릿	http://www.last.fm/music/%EC%8B%9C%ED%81%AC%EB%A6%BF	http://userserve-ak.last.fm/serve/252/56917313.png
2118	immi	http://www.last.fm/music/immi	http://userserve-ak.last.fm/serve/252/57847513.png
2119	ＭＡＮＮＥＱＵＩＮ	http://www.last.fm/music/%EF%BC%AD%EF%BC%A1%EF%BC%AE%EF%BC%AE%EF%BC%A5%EF%BC%B1%EF%BC%B5%EF%BC%A9%EF%BC%AE	http://userserve-ak.last.fm/serve/252/11958407.jpg
2120	IU	http://www.last.fm/music/IU	http://userserve-ak.last.fm/serve/252/55493425.png
2121	OK Go	http://www.last.fm/music/OK+Go	http://userserve-ak.last.fm/serve/252/42922445.png
2122	Miles Kane	http://www.last.fm/music/Miles+Kane	http://userserve-ak.last.fm/serve/252/46824787.jpg
2123	Alex Turner	http://www.last.fm/music/Alex+Turner	http://userserve-ak.last.fm/serve/252/42820313.jpg
2124	Benjamin Biolay	http://www.last.fm/music/Benjamin+Biolay	http://userserve-ak.last.fm/serve/252/3225606.jpg
2125	Darwin Deez	http://www.last.fm/music/Darwin+Deez	http://userserve-ak.last.fm/serve/252/43591551.jpg
2126	Annoying Orange	http://www.last.fm/music/Annoying+Orange	http://userserve-ak.last.fm/serve/252/55582369.png
2127	The Turtles	http://www.last.fm/music/The+Turtles	http://userserve-ak.last.fm/serve/252/39703517.png
2128	The Rascals	http://www.last.fm/music/The+Rascals	http://userserve-ak.last.fm/serve/252/26169789.jpg
2129	Royal Republic	http://www.last.fm/music/Royal+Republic	http://userserve-ak.last.fm/serve/252/49630649.jpg
2130	Brandon Flowers	http://www.last.fm/music/Brandon+Flowers	http://userserve-ak.last.fm/serve/252/50321629.png
2131	Dirty Pretty Things	http://www.last.fm/music/Dirty+Pretty+Things	http://userserve-ak.last.fm/serve/252/114004.jpg
2132	Dizzee Rascal	http://www.last.fm/music/Dizzee+Rascal	http://userserve-ak.last.fm/serve/252/46433467.jpg
2133	Milburn	http://www.last.fm/music/Milburn	http://userserve-ak.last.fm/serve/252/8134397.jpg
2134	Julian Casablancas	http://www.last.fm/music/Julian+Casablancas	http://userserve-ak.last.fm/serve/252/33951769.jpg
2135	Chiddy Bang	http://www.last.fm/music/Chiddy+Bang	http://userserve-ak.last.fm/serve/252/24694991.jpg
2136	Serge Gainsbourg	http://www.last.fm/music/Serge+Gainsbourg	http://userserve-ak.last.fm/serve/252/4104956.jpg
2137	Two Door Cinema Club	http://www.last.fm/music/Two+Door+Cinema+Club	http://userserve-ak.last.fm/serve/252/53274683.png
2138	Memorial Beach	http://www.last.fm/music/Memorial+Beach	http://userserve-ak.last.fm/serve/252/49581659.png
2139	Beach House	http://www.last.fm/music/Beach+House	http://userserve-ak.last.fm/serve/252/40680775.jpg
2140	The Bottletop Band	http://www.last.fm/music/The+Bottletop+Band	http://userserve-ak.last.fm/serve/252/55526319.jpg
2141	Bill Elm and Woody Jackson	http://www.last.fm/music/Bill+Elm+and+Woody+Jackson	http://userserve-ak.last.fm/serve/252/47929349.jpg
2142	Sahara Hotnights	http://www.last.fm/music/Sahara+Hotnights	http://userserve-ak.last.fm/serve/252/196935.jpg
2143	DevilDriver	http://www.last.fm/music/DevilDriver	http://userserve-ak.last.fm/serve/252/35320697.jpg
2144	Георг Корг	http://www.last.fm/music/%D0%93%D0%B5%D0%BE%D1%80%D0%B3+%D0%9A%D0%BE%D1%80%D0%B3	http://userserve-ak.last.fm/serve/252/2518774.jpg
2145	B. Fleischmann	http://www.last.fm/music/B.+Fleischmann	http://userserve-ak.last.fm/serve/252/19056737.jpg
2146	AFX	http://www.last.fm/music/AFX	http://userserve-ak.last.fm/serve/252/4818664.jpg
2147	Total	http://www.last.fm/music/Total	http://userserve-ak.last.fm/serve/252/416958.jpg
2148	2H Company	http://www.last.fm/music/2H+Company	http://userserve-ak.last.fm/serve/252/179122.jpg
2149	Booka Shade	http://www.last.fm/music/Booka+Shade	http://userserve-ak.last.fm/serve/252/5473217.jpg
2150	Fightstar	http://www.last.fm/music/Fightstar	http://userserve-ak.last.fm/serve/252/45145511.png
2151	Meshuggah	http://www.last.fm/music/Meshuggah	http://userserve-ak.last.fm/serve/252/234187.jpg
2152	Electric Birds	http://www.last.fm/music/Electric+Birds	http://userserve-ak.last.fm/serve/252/415187.jpg
2153	Current Value	http://www.last.fm/music/Current+Value	http://userserve-ak.last.fm/serve/252/28622167.jpg
2154	Jane Air	http://www.last.fm/music/Jane+Air	http://userserve-ak.last.fm/serve/252/54399769.jpg
2155	Psychostick	http://www.last.fm/music/Psychostick	http://userserve-ak.last.fm/serve/252/23489291.jpg
2156	Самое Большое Простое Число	http://www.last.fm/music/%D0%A1%D0%B0%D0%BC%D0%BE%D0%B5+%D0%91%D0%BE%D0%BB%D1%8C%D1%88%D0%BE%D0%B5+%D0%9F%D1%80%D0%BE%D1%81%D1%82%D0%BE%D0%B5+%D0%A7%D0%B8%D1%81%D0%BB%D0%BE	http://userserve-ak.last.fm/serve/252/24394079.jpg
2157	Christian Kleine	http://www.last.fm/music/Christian+Kleine	http://userserve-ak.last.fm/serve/252/2161829.jpg
2158	Mujuice	http://www.last.fm/music/Mujuice	http://userserve-ak.last.fm/serve/252/60829977.png
2159	Дальний Свет	http://www.last.fm/music/%D0%94%D0%B0%D0%BB%D1%8C%D0%BD%D0%B8%D0%B9+%D0%A1%D0%B2%D0%B5%D1%82	http://userserve-ak.last.fm/serve/252/39799215.jpg
2160	Maroon	http://www.last.fm/music/Maroon	http://userserve-ak.last.fm/serve/252/293722.jpg
2161	Wisp	http://www.last.fm/music/Wisp	http://userserve-ak.last.fm/serve/252/40102321.jpg
2162	Alarm Will Sound	http://www.last.fm/music/Alarm+Will+Sound	http://userserve-ak.last.fm/serve/252/303907.jpg
2163	E-SEX-T	http://www.last.fm/music/E-SEX-T	http://userserve-ak.last.fm/serve/252/55562823.jpg
2164	Ovuca	http://www.last.fm/music/Ovuca	http://userserve-ak.last.fm/serve/252/8388.jpg
2165	Enduser	http://www.last.fm/music/Enduser	http://userserve-ak.last.fm/serve/252/516551.jpg
2166	Architect	http://www.last.fm/music/Architect	http://userserve-ak.last.fm/serve/252/42875981.jpg
2167	Fink	http://www.last.fm/music/Fink	http://userserve-ak.last.fm/serve/252/33446939.jpg
2168	American Head Charge	http://www.last.fm/music/American+Head+Charge	http://userserve-ak.last.fm/serve/252/181670.jpg
2169	Dagoba	http://www.last.fm/music/Dagoba	http://userserve-ak.last.fm/serve/252/38802221.jpg
2170	Neurocoders	http://www.last.fm/music/Neurocoders	http://userserve-ak.last.fm/serve/252/31422701.jpg
2171	Integral	http://www.last.fm/music/Integral	http://userserve-ak.last.fm/serve/252/12278465.jpg
2172	Gojira	http://www.last.fm/music/Gojira	http://userserve-ak.last.fm/serve/252/49359931.jpg
2173	Limewax	http://www.last.fm/music/Limewax	http://userserve-ak.last.fm/serve/252/28737981.jpg
2174	edIT	http://www.last.fm/music/edIT	http://userserve-ak.last.fm/serve/252/59718557.jpg
2175	Etta James	http://www.last.fm/music/Etta+James	http://userserve-ak.last.fm/serve/252/49409229.png
2176	Michael Bublé	http://www.last.fm/music/Michael+Bubl%C3%A9	http://userserve-ak.last.fm/serve/252/53534791.png
2177	Katie Stevens	http://www.last.fm/music/Katie+Stevens	http://userserve-ak.last.fm/serve/252/44095397.png
2178	Michael Jackson & Britney Spears	http://www.last.fm/music/Michael%2BJackson%2B%2526%2BBritney%2BSpears	http://userserve-ak.last.fm/serve/252/45414707.jpg
2179	50 Cent	http://www.last.fm/music/50+Cent	http://userserve-ak.last.fm/serve/252/32353091.png
2180	Marc Seales, composer. New Stories. Ernie Watts, saxophone.	http://www.last.fm/music/Marc+Seales%2C+composer.+New+Stories.+Ernie+Watts%2C+saxophone.	http://userserve-ak.last.fm/serve/252/60618819.png
2181	Aaryn Doyle	http://www.last.fm/music/Aaryn+Doyle	http://userserve-ak.last.fm/serve/252/47854831.png
2182	Lisa Marie Presley	http://www.last.fm/music/Lisa+Marie+Presley	http://userserve-ak.last.fm/serve/252/5753825.jpg
2183	Heart	http://www.last.fm/music/Heart	http://userserve-ak.last.fm/serve/252/393441.jpg
2184	Maysa	http://www.last.fm/music/Maysa	http://userserve-ak.last.fm/serve/252/22075805.jpg
2185	ВFI	http://www.last.fm/music/%D0%92FI	http://userserve-ak.last.fm/serve/252/53636085.jpg
2186	Blind Witness	http://www.last.fm/music/Blind+Witness	http://userserve-ak.last.fm/serve/252/45310979.jpg
2187	Stick to Your Guns	http://www.last.fm/music/Stick+to+Your+Guns	http://userserve-ak.last.fm/serve/252/19671251.jpg
2188	Bury Tomorrow	http://www.last.fm/music/Bury+Tomorrow	http://userserve-ak.last.fm/serve/252/43461085.png
2189	Buried in Verona	http://www.last.fm/music/Buried+in+Verona	http://userserve-ak.last.fm/serve/252/35659005.jpg
2190	War of Ages	http://www.last.fm/music/War+of+Ages	http://userserve-ak.last.fm/serve/252/151783.jpg
2191	More Than A Thousand	http://www.last.fm/music/More+Than+A+Thousand	http://userserve-ak.last.fm/serve/252/4236522.jpg
2192	Miss May I	http://www.last.fm/music/Miss+May+I	http://userserve-ak.last.fm/serve/252/51186029.png
2193	Каста	http://www.last.fm/music/%D0%9A%D0%B0%D1%81%D1%82%D0%B0	http://userserve-ak.last.fm/serve/252/25648469.jpg
2194	The Hysteria	http://www.last.fm/music/The+Hysteria	http://userserve-ak.last.fm/serve/252/53331681.jpg
2195	Sarah Where Is My Tea	http://www.last.fm/music/Sarah+Where+Is+My+Tea	http://userserve-ak.last.fm/serve/252/61382757.jpg
2196	Gallows	http://www.last.fm/music/Gallows	http://userserve-ak.last.fm/serve/252/27628681.jpg
2197	Stan Marsh	http://www.last.fm/music/Stan+Marsh	http://userserve-ak.last.fm/serve/252/30125711.jpg
2198	The Eyes Of A Traitor	http://www.last.fm/music/The+Eyes+Of+A+Traitor	http://userserve-ak.last.fm/serve/252/17030513.jpg
2199	50 kreon 50	http://www.last.fm/music/50+kreon+50	http://userserve-ak.last.fm/serve/252/51976121.jpg
2200	We Butter The Bread With Butter	http://www.last.fm/music/We+Butter+The+Bread+With+Butter	http://userserve-ak.last.fm/serve/252/46491921.jpg
2201	Soulcount	http://www.last.fm/music/Soulcount	http://userserve-ak.last.fm/serve/252/55182667.jpg
2202	Dead Silence Hides My Cries	http://www.last.fm/music/Dead+Silence+Hides+My+Cries	http://userserve-ak.last.fm/serve/252/45046041.jpg
2203	Abandon All Ships	http://www.last.fm/music/Abandon+All+Ships	http://userserve-ak.last.fm/serve/252/54420601.png
2204	Of Mice & Men	http://www.last.fm/music/Of%2BMice%2B%2526%2BMen	http://userserve-ak.last.fm/serve/252/60671359.png
2205	Main-de-Gloire	http://www.last.fm/music/Main-de-Gloire	http://userserve-ak.last.fm/serve/252/46190313.jpg
2206	Chevelle	http://www.last.fm/music/Chevelle	http://userserve-ak.last.fm/serve/252/34108699.jpg
2207	The Mess	http://www.last.fm/music/The+Mess	http://userserve-ak.last.fm/serve/252/48835591.jpg
2208	Compelled to Comply	http://www.last.fm/music/Compelled+to+Comply	http://userserve-ak.last.fm/serve/252/44178027.jpg
2209	It Dies Today	http://www.last.fm/music/It+Dies+Today	http://userserve-ak.last.fm/serve/252/141054.jpg
2210	Attack Attack!	http://www.last.fm/music/Attack+Attack%21	http://userserve-ak.last.fm/serve/252/51436671.png
2211	Austrian Death Machine	http://www.last.fm/music/Austrian+Death+Machine	http://userserve-ak.last.fm/serve/252/38715603.jpg
2212	Disdained Grace	http://www.last.fm/music/Disdained+Grace	http://userserve-ak.last.fm/serve/252/61335789.jpg
2213	Woe Is Me	http://www.last.fm/music/Woe+Is+Me	http://userserve-ak.last.fm/serve/252/51254611.jpg
2214	The Word Alive	http://www.last.fm/music/The+Word+Alive	http://userserve-ak.last.fm/serve/252/61963797.jpg
2215	Deception Of A Ghost	http://www.last.fm/music/Deception+Of+A+Ghost	http://userserve-ak.last.fm/serve/252/58707563.png
2216	Fall to the Queen	http://www.last.fm/music/Fall+to+the+Queen	http://userserve-ak.last.fm/serve/252/50560835.jpg
2217	Aelpéacha	http://www.last.fm/music/Aelp%C3%A9acha	http://userserve-ak.last.fm/serve/252/23705503.png
2218	Mr. Criminal	http://www.last.fm/music/Mr.+Criminal	http://userserve-ak.last.fm/serve/252/20308911.jpg
2219	B.G. Knocc Out & Dresta	http://www.last.fm/music/B.G.%2BKnocc%2BOut%2B%2526%2BDresta	http://userserve-ak.last.fm/serve/252/69652.jpg
2220	Aaliyah	http://www.last.fm/music/Aaliyah	http://userserve-ak.last.fm/serve/252/61611703.png
2221	Lil 1/2 Dead	http://www.last.fm/music/Lil%2B1%252F2%2BDead	http://userserve-ak.last.fm/serve/252/49771217.jpg
2222	Bone Thugs-N-Harmony	http://www.last.fm/music/Bone+Thugs-N-Harmony	http://userserve-ak.last.fm/serve/252/34089065.jpg
2223	Too $hort	http://www.last.fm/music/Too+%24hort	http://userserve-ak.last.fm/serve/252/48061181.jpg
2224	Alkpote	http://www.last.fm/music/Alkpote	http://userserve-ak.last.fm/serve/252/8560817.jpg
2225	Seth Gueko	http://www.last.fm/music/Seth+Gueko	http://userserve-ak.last.fm/serve/252/52444909.jpg
2226	Snoop Dogg	http://www.last.fm/music/Snoop+Dogg	http://userserve-ak.last.fm/serve/252/32348889.png
2227	Eazy-E	http://www.last.fm/music/Eazy-E	http://userserve-ak.last.fm/serve/252/21338103.jpg
2228	Csrd	http://www.last.fm/music/Csrd	http://userserve-ak.last.fm/serve/252/4780360.jpg
2229	DJ Quik	http://www.last.fm/music/DJ+Quik	http://userserve-ak.last.fm/serve/252/55879115.png
2230	Roi Heenok	http://www.last.fm/music/Roi+Heenok	http://userserve-ak.last.fm/serve/252/31192353.jpg
2231	Spice 1	http://www.last.fm/music/Spice+1	http://userserve-ak.last.fm/serve/252/323419.jpg
2232	Mr. Capone-E	http://www.last.fm/music/Mr.+Capone-E	http://userserve-ak.last.fm/serve/252/44379707.jpg
2233	Booba	http://www.last.fm/music/Booba	http://userserve-ak.last.fm/serve/252/518689.jpg
2234	Southcide 13	http://www.last.fm/music/Southcide+13	http://userserve-ak.last.fm/serve/252/58086153.jpg
2235	Kokane	http://www.last.fm/music/Kokane	http://userserve-ak.last.fm/serve/252/50823937.jpg
2236	Ice Cube	http://www.last.fm/music/Ice+Cube	http://userserve-ak.last.fm/serve/252/35180703.jpg
2237	Busta Flex	http://www.last.fm/music/Busta+Flex	http://userserve-ak.last.fm/serve/252/379046.jpg
2238	Above the Law	http://www.last.fm/music/Above+the+Law	http://userserve-ak.last.fm/serve/252/30591185.jpg
2239	Ant Banks	http://www.last.fm/music/Ant+Banks	http://userserve-ak.last.fm/serve/252/216517.jpg
2240	Unité 2 Feu	http://www.last.fm/music/Unit%C3%A9+2+Feu	http://userserve-ak.last.fm/serve/252/20988717.jpg
2241	Nate Dogg	http://www.last.fm/music/Nate+Dogg	http://userserve-ak.last.fm/serve/252/371868.jpg
2242	Wiz Khalifa	http://www.last.fm/music/Wiz+Khalifa	http://userserve-ak.last.fm/serve/252/60937311.jpg
2243	Swift Guad	http://www.last.fm/music/Swift+Guad	http://userserve-ak.last.fm/serve/252/54024705.jpg
2244	Alborosie	http://www.last.fm/music/Alborosie	http://userserve-ak.last.fm/serve/252/12007265.jpg
2245	Yella	http://www.last.fm/music/Yella	http://userserve-ak.last.fm/serve/252/2716746.jpg
2246	Orelsan	http://www.last.fm/music/Orelsan	http://userserve-ak.last.fm/serve/252/30633299.jpg
2247	Dr. Dre	http://www.last.fm/music/Dr.+Dre	http://userserve-ak.last.fm/serve/252/32353103.png
2248	Domino	http://www.last.fm/music/Domino	http://userserve-ak.last.fm/serve/252/270841.jpg
2249	Compton's Most Wanted	http://www.last.fm/music/Compton%27s+Most+Wanted	http://userserve-ak.last.fm/serve/252/269040.jpg
2250	Lunatic	http://www.last.fm/music/Lunatic	http://userserve-ak.last.fm/serve/252/25877573.jpg
2251	N.W.A	http://www.last.fm/music/N.W.A	http://userserve-ak.last.fm/serve/252/343636.jpg
2252	Mobb Deep	http://www.last.fm/music/Mobb+Deep	http://userserve-ak.last.fm/serve/252/1916.jpg
2253	Warren G	http://www.last.fm/music/Warren+G	http://userserve-ak.last.fm/serve/252/50705835.jpg
2254	Brotha Lynch Hung	http://www.last.fm/music/Brotha+Lynch+Hung	http://userserve-ak.last.fm/serve/252/56949457.jpg
2255	MC Eiht	http://www.last.fm/music/MC+Eiht	http://userserve-ak.last.fm/serve/252/46057625.png
2256	Mr. X	http://www.last.fm/music/Mr.+X	http://userserve-ak.last.fm/serve/252/576728.jpg
2257	Lil Cuete	http://www.last.fm/music/Lil+Cuete	http://userserve-ak.last.fm/serve/252/46078183.jpg
2258	2nd II None	http://www.last.fm/music/2nd+II+None	http://userserve-ak.last.fm/serve/252/17008511.jpg
2259	MSJ	http://www.last.fm/music/MSJ	http://userserve-ak.last.fm/serve/252/51019165.jpg
2260	K-Dee	http://www.last.fm/music/K-Dee	http://userserve-ak.last.fm/serve/252/34474585.jpg
2261	Les Sales Blancs	http://www.last.fm/music/Les+Sales+Blancs	http://userserve-ak.last.fm/serve/252/2016396.jpg
2262	Foesum	http://www.last.fm/music/Foesum	http://userserve-ak.last.fm/serve/252/2178128.jpg
2263	Big Moves	http://www.last.fm/music/Big+Moves	http://userserve-ak.last.fm/serve/252/58178415.jpg
2264	Land of Talk	http://www.last.fm/music/Land+of+Talk	http://userserve-ak.last.fm/serve/252/50030629.jpg
2265	Simon & Garfunkel	http://www.last.fm/music/Simon%2B%2526%2BGarfunkel	http://userserve-ak.last.fm/serve/252/339424.jpg
2266	Kind of Like Spitting	http://www.last.fm/music/Kind+of+Like+Spitting	http://userserve-ak.last.fm/serve/252/18552.jpg
2267	Maps & Atlases	http://www.last.fm/music/Maps%2B%2526%2BAtlases	http://userserve-ak.last.fm/serve/252/5773648.jpg
2268	Dirty Projectors	http://www.last.fm/music/Dirty+Projectors	http://userserve-ak.last.fm/serve/252/31329265.jpg
2269	Page France	http://www.last.fm/music/Page+France	http://userserve-ak.last.fm/serve/252/275095.jpg
2270	The Octopus Project	http://www.last.fm/music/The+Octopus+Project	http://userserve-ak.last.fm/serve/252/317426.jpg
2271	Death from Above 1979	http://www.last.fm/music/Death+from+Above+1979	http://userserve-ak.last.fm/serve/252/9875.jpg
2272	Alban Berg Quartet	http://www.last.fm/music/Alban+Berg+Quartet	http://userserve-ak.last.fm/serve/252/3203508.jpg
2273	Tera Melos	http://www.last.fm/music/Tera+Melos	http://userserve-ak.last.fm/serve/252/8132361.jpg
2274	Werner Haas/Orchestre National de L'Opéra de Monte-Carlo/Alceo Galliera	http://www.last.fm/music/Werner%2BHaas%252FOrchestre%2BNational%2Bde%2BL%2527Op%25C3%25A9ra%2Bde%2BMonte-Carlo%252FAlceo%2BGalliera	
2275	Werner Haas	http://www.last.fm/music/Werner+Haas	http://userserve-ak.last.fm/serve/252/53667859.jpg
2276	Pedro the Lion	http://www.last.fm/music/Pedro+the+Lion	http://userserve-ak.last.fm/serve/252/17244423.jpg
2277	Feist	http://www.last.fm/music/Feist	http://userserve-ak.last.fm/serve/252/185329.jpg
2278	Lake	http://www.last.fm/music/Lake	http://userserve-ak.last.fm/serve/252/10959123.jpg
2279	The Microphones	http://www.last.fm/music/The+Microphones	http://userserve-ak.last.fm/serve/252/2305250.jpg
2280	The Apples in Stereo	http://www.last.fm/music/The+Apples+in+Stereo	http://userserve-ak.last.fm/serve/252/34245527.jpg
2281	Deerhoof	http://www.last.fm/music/Deerhoof	http://userserve-ak.last.fm/serve/252/60968187.jpg
2282	Born Ruffians	http://www.last.fm/music/Born+Ruffians	http://userserve-ak.last.fm/serve/252/2704883.jpg
2283	Things People Say	http://www.last.fm/music/Things+People+Say	
2284	Broken Social Scene Presents: Brendan Canning	http://www.last.fm/music/Broken+Social+Scene+Presents%3A+Brendan+Canning	http://userserve-ak.last.fm/serve/252/6624515.jpg
2285	The American Analog Set	http://www.last.fm/music/The+American+Analog+Set	http://userserve-ak.last.fm/serve/252/32428.jpg
2286	Big Weird Dutch People	http://www.last.fm/music/Big+Weird+Dutch+People	
2287	Dirty Projectors + Björk	http://www.last.fm/music/Dirty%2BProjectors%2B%252B%2BBj%25C3%25B6rk	http://userserve-ak.last.fm/serve/252/48491173.jpg
2288	Django Reinhardt	http://www.last.fm/music/Django+Reinhardt	http://userserve-ak.last.fm/serve/252/57662173.png
2289	Stereolab	http://www.last.fm/music/Stereolab	http://userserve-ak.last.fm/serve/252/2166094.jpg
2290	Sky Larkin	http://www.last.fm/music/Sky+Larkin	http://userserve-ak.last.fm/serve/252/20026647.jpg
2291	No Kids	http://www.last.fm/music/No+Kids	http://userserve-ak.last.fm/serve/252/16206071.jpg
2292	Bill Evans	http://www.last.fm/music/Bill+Evans	http://userserve-ak.last.fm/serve/252/19906793.jpg
2293	Jean-Yves Thibaudet	http://www.last.fm/music/Jean-Yves+Thibaudet	http://userserve-ak.last.fm/serve/252/44833613.png
2294	Braid	http://www.last.fm/music/Braid	http://userserve-ak.last.fm/serve/252/44188321.jpg
2295	Reverie Sound Revue	http://www.last.fm/music/Reverie+Sound+Revue	http://userserve-ak.last.fm/serve/252/2759215.png
2296	Joe Pass	http://www.last.fm/music/Joe+Pass	http://userserve-ak.last.fm/serve/252/233466.jpg
2297	Apostle of Hustle	http://www.last.fm/music/Apostle+of+Hustle	http://userserve-ak.last.fm/serve/252/367704.jpg
2298	Sezen Aksu	http://www.last.fm/music/Sezen+Aksu	http://userserve-ak.last.fm/serve/252/18757569.jpg
2299	Zeki Müren	http://www.last.fm/music/Zeki+M%C3%BCren	h",Static-X,Disturbed,Nightwish,Pet Shop Boys,Megadeth,Muse,Bullet for My Valentine,Психея,Babyshambles,Amy Macdonald,Miley Cyrus,Morcheeba,Placebo,System of a Down
2,Paradise Lost,Muse,Hocico,Café Del Mar,Racionais MC's,Rammstein,Drowning Pool,Tiamat,Ministry of Sound,A7ie,Duran Duran,Dawn of Ashes,Dick Dale,Enigma,Teen Angels,yelworC,Marilyn Manson,Killswitch Engage,Hocico,Parkway Drive,Rammstein,In Flames,Hocico,Nirvana,Morcheeba,Nightwish,Massive Attack,Ministry of Sound,Digital Summer,Paradise Lost,Papa Roach,Deftones,Radiohead,Enigma,Lady Gaga,Pain,Dark Fortress,Hocico,Iced Earth,Drowning Pool,System of a Down,System of a Down,Tiamat,Nightwish,Korn,The Human League,Mika,Era,Lady Gaga,blink-182,Demi Lovato,Morcheeba,People Under the Stairs,Jonas Brothers,Tiamat,Demi Lovato,Digital Summer,The National,Antony and the Johnsons,Tiamat,R.E.M.,Information Society,The All-American Rejects,Spandau Ballet,Static-X,Muse,Coldplay,Lostprophets,A Perfect Circle,Depeche Mode,Fey,KMFDM,Dawn of Ashes,Red Hot Chili Peppers,MALICE MIZER,A7ie,The All-American Rejects,Chris Brown,Boris,Evanescence,Epica,Mastodon,Ill Niño,Jennette McCurdy,The Cure,Lindsay Lohan,Depeche Mode,Sonic Youth,Rammstein,Laith Al-Deen,Digital Summer,Depeche Mode,Black Rebel Motorcycle Club,Black Eyed Peas,Drowning Pool,The Barracudas,Silverstein,CAKE,Pitchshifter,Lamb of God,Autechre,Klaxons,Ennio Morricone,Opeth,Led Zeppelin,2NE1,Muse,Coldplay,No Angels,Diary of Dreams,Pharoahe Monch,Pain,Disturbed,Primordial,Pain,Morcheeba,Big Joe Turner,The Decemberists,Tool,Paramore,Rammstein,Atreyu,The Human League,Duran Duran,Café Del Mar,Duran Duran,In Flames,China Crisis,Korn,Icehouse,Static-X,Fear Factory,Depeche Mode,Bullet for My Valentine,Pet Shop Boys,Closterkeller,Pet Shop Boys,Korn,Goldfrapp,Gwen Stefani,Paradise Lost,The Barracudas,Static-X,Lady Antebellum,Miley Cyrus,blink-182,The National,Paradise Lost,Wham!,The Smiths,Korn,Justin Bieber,Tiamat,The Crüxshadows,Tiamat,Garbage,Billy Idol,Coldplay,Kate Nash,Korn,Ministry of Sound,In Flames,Deftones,Lifehouse,Carrie Underwood,The Beatles,China Crisis,Rush,Muse,The Cure,Depeche Mode,Justin Bieber,No Angels,Sigur Rós,Dark Phenomenon,Placebo,Laith Al-Deen,Tactical Sekt,Agnetha Fältskog,Hubert Kah,Carpathian Forest,And One,Within Temptation,Arcade Fire,Fear Factory,Stone Sour,Megadeth,Hubert Kah,AC/DC,Nine Inch Nails,In Flames,Madonna,P!nk,David Guetta,ABBA,Enigma,Billy Idol,Drowning Pool
3,In Flames,Duran Duran,yelworC,Enigma,Toni Braxton,Fear Factory,Digital Summer,Sepultura,Enigma,Dawn of Ashes,Metallica,Tactical Sekt,The Satelliters,Café Del Mar,Ivi Adamou,Pet Shop Boys,Lady Gaga,Megadeth,yelworC,Soilwork,Fear Factory,Tiamat,yelworC,R.E.M.,Ministry of Sound,A Perfect Circle,China Crisis,Depeche Mode,Hocico,In Flames,P.O.D.,Korn,Pink Floyd,Morcheeba,China Crisis,Static-X,Cryo,yelworC,Hangar,Enya,Rammstein,U2,Sepultura,Korn,Metallica,Ultravox,S Club 7,Enya,Portishead,Good Charlotte,Aly & AJ,Café Del Mar,Placebo,The Veronicas,Sepultura,Lady Gaga,Bullet for My Valentine,Muse,MGMT,Sepultura,Lady Gaga,Berlin,The Rasmus,The Human League,Pitchshifter,Bloc Party,The Hives,DIR EN GREY,Metallica,Hubert Kah,RBD,Nirvana,Tactical Sekt,Vampire Weekend,Diary of Dreams,Pleq,blink-182,Kanye West,Sunn O))),Coldplay,Bullet for My Valentine,Fear Factory,Parkway Drive,Café Del Mar,Björk,Pleq,Apocalyptica,Death Cab for Cutie,Tool,Drowning Pool,Bullet for My Valentine,a-ha,Editors,Ashley Tisdale,A Perfect Circle,INXS,Alesana,Red Hot Chili Peppers,Pain,Avenged Sevenfold,Squarepusher,Hadouken!,Travis,Gorgoroth,a-ha,B2ST,The Prodigy,Radiohead,Sandy,Carpathian Forest,MALICE MIZER,Savage Garden,Apocalyptica,Dream Theater,Martin L. Gore,Enigma,And One,Bat for Lashes,Judas Priest,blink-182,A Perfect Circle,Lamb of God,The Beatles,Motörhead,Pleq,Placebo,Tiamat,Ministry of Sound,Bullet for My Valentine,Pet Shop Boys,Rammstein,KMFDM,Funeral for a Friend,Ill Niño,China Crisis,London After Midnight,China Crisis,Nightwish,Segue,Demi Lovato,In Flames,Talking Heads,Killswitch Engage,Reba McEntire,Ke$ha,Ke$ha,Anathema,Tiamat,Depeche Mode,KMFDM,Led Zeppelin,Paramore,Sepultura,Ayria,Sepultura,James Blunt,Porcupine Tree,Andrew Bird,Arcade Fire,My Chemical Romance,Daft Punk,Tiamat,Ill Niño,Death Cab for Cutie,Ke$ha,Depeche Mode,No Angels,Opeth,Nine Inch Nails,Daft Punk,Evanescence,Fergie,Sandy,Limp Bizkit,London After Midnight,Depeche Mode,Within Temptation,Coldplay,Cascada,Anything Box,Moi dix Mois,Crystal Castles,Lacrimosa,Foo Fighters,Pitchshifter,Deftones,Apocalyptica,Dido,Apocalyptica,Apocalyptica,Deftones,Depeche Mode,Katy Perry,Darin,Morbid Angel,A7ie,Evanescence,Dawn of Ashes
4,Tiamat,Coldplay,Café Del Mar,Limp Bizkit,Roxette,A Perfect Circle,Dark Phenomenon,Korn,A7ie,Tactical Sekt,The Smiths,Britney Spears,The Barracudas,Dido,Kylie Minogue,Enigma,Duran Duran,Epica,Drowning Pool,Crematory,Digital Summer,Sepultura,A7ie,Nine Inch Nails,Café Del Mar,Bullet for My Valentine,Drowning Pool,Elvis Presley,yelworC,Tiamat,Limp Bizkit,A Perfect Circle,Muse,Depeche Mode,Rihanna,Rammstein,Covenant,Orange Sector,Nuclear Assault,Era,Static-X,le bowl,Nightwish,Deftones,Bullet for My Valentine,Tears for Fears,Pataclaun,Dido,Madonna,Fall Out Boy,Ace of Base,Dawn of Ashes,Evanescence,Kaiser Chiefs,Fear Factory,Katy Perry,Killswitch Engage,Yann Tiersen,The Beatles,A Perfect Circle,Daft Punk,a-ha,Three Days Grace,Ultravox,Pain,Evanescence,Depeche Mode,Katatonia,Bullet for My Valentine,Fake,Madonna,Elvis Presley,A7ie,Panic! At the Disco,Carpathian Forest,Thalía,Paramore,Usher,Vampire Weekend,Depeche Mode,A Perfect Circle,Sepultura,The Devil Wears Prada,Anahí,Within Temptation,Magnitophono,Brad Paisley,Sufjan Stevens,Black Eyed Peas,Enya,Metallica,Alphaville,Snow Patrol,Jonas Brothers,Nightwish,New Order,Drowning Pool,Bon Jovi,KMFDM,Marilyn Manson,Boards of Canada,Paramore,Manic Street Preachers,Anathema,Creedence Clearwater Revival,Miley Cyrus,Marilyn Manson,Duran Duran,U2,Moi dix Mois,Diary of Dreams,Alphaville,Limp Bizkit,Anathema,Dark Phenomenon,Pet Shop Boys,Duran Duran,30 Seconds to Mars,The Birthday Massacre,MGMT,Paradise Lost,Bullet for My Valentine,Ultravox,The Human League,Morcheeba,Poets of the Fall,Sepultura,Bonanza Banzai,Ill Niño,Ultravox,Paradise Lost,Pitchshifter,Saosin,Killswitch Engage,Dark Phenomenon,Siouxsie and the Banshees,The Human League,Metallica,A7ie,Jennette McCurdy,Tiamat,Elvis Presley,Megadeth,Paul McCartney,Demi Lovato,Evanescence,Björk,Sepultura,Billy Idol,Jane's Addiction,Kings of Leon,Ashlee Simpson,Fear Factory,Nightwish,Kylie Minogue,a-ha,Placebo,Poets of the Fall,Animal Collective,Sixpence None the Richer,Pet Shop Boys,Sepultura,Killswitch Engage,Dave Matthews Band,Madonna,The National,Sandy,U2,Glee Cast,Death in June,Radiohead,Jesse McCartney,Epica,The National,Clan of Xymox,Radiohead,Tristania,Radiohead,Groove Coverage,Cook Da Books,Bella Morte,Johan Agebjörn,Coldplay,R.E.M.,Pain,Korn,Static-X,Billy Idol,Marilyn Manson,In Flames,Ill Niño,Tristania,Arcade Fire,ATB,Beneath the Massacre,Dawn of Ashes,Cook Da Books,Tactical Sekt
5,Sepultura,Moby,Enigma,Portishead,Elo da Corrente,Nightwish,System of a Down,Fear Factory,KMFDM,Pet Shop Boys,Rammstein,Korn,The Staggers,Tactical Sekt,Madonna,Anything Box,Madonna,Metallica,Morcheeba,Rise Against,Drowning Pool,Rammstein,KMFDM,Björk,Papa Roach,Deftones,Digital Summer,Kylie Minogue,A7ie,Fear Factory,Massive Attack,Rammstein,System of a Down,Fleetwood Mac,Muse,Christina Aguilera,A*Teens,Absurd Minds,Britney Spears,KMFDM,Korn,Hocico,A Perfect Circle,Epica,Ill Niño,Joy Division,Riko,Billy Idol,R.E.M.,Hey Monday,Pitchshifter,Tactical Sekt,B.o.B,Emily Osment,System of a Down,Madonna,Megadeth,Max Richter,Jónsi,Nightwish,Fleetwood Mac,Ashanti,Nickelback,Simple Minds,KMFDM,Placebo,Creedence Clearwater Revival,Seether,Ill Niño,Billy Idol,Britney Spears,Martin L. Gore,DIR EN GREY,Justice,Moi dix Mois,Lindsay Lohan,Good Charlotte,Eminem,Sonic Youth,Placebo,Apocalyptica,HIM,Stone Sour,Savage Garden,Lacrimosa,Miley Cyrus,Coldplay,Boris,Lady Gaga,Yazoo,Ill Niño,And One,The Killers,Pixie Lott,Deftones,Information Society,Ministry of Sound,The Kills,Hocico,Limp Bizkit,MALICE MIZER,Black Eyed Peas,Kent,Jethro Tull,Coldplay,Demi Lovato,Apocalyptica,Depeche Mode,Enya,Bella Morte,Carpathian Forest,Oasis,A Perfect Circle,Angra,Digital Summer,Magnitophono,Icehouse,Jem,Pink Floyd,Cobra Starship,In Flames,Skid Row,Pulp,Owl City,Pitchshifter,Muse,Duran Duran,Digital Summer,Killswitch Engage,Alphaville,In Flames,Pain,Silverstein,Megadeth,Hubert Kah,New Order,Bon Jovi,Bullet for My Valentine,The Pussycat Dolls,Lindsay Lohan,Rammstein,Kelly Clarkson,Nightwish,Elton John,Avril Lavigne,Cat Power,Pulp,Killswitch Engage,Siouxsie and the Banshees,Nirvana,Megadeth,宇多田ヒカル,System of a Down,Epica,Depeche Mode,Ashanti,Evanescence,Travis,Marie Serneholt,Placebo,Anything Box,Hocico,Megadeth,Muse,Red Hot Chili Peppers,EPMD,Hocico,Depeche Mode,Hocico,London After Midnight,Portishead,JoJo,Bullet for My Valentine,Anathema,Closterkeller,Mariah Carey,Era,Papa Roach,Shania Twain,a-ha,Moonspell,t.A.T.u.,Epica,Andrew Bird,KMFDM,Bullet for My Valentine,Rammstein,Anything Box,Millencolin,Metallica,Korn,Noize MC,Red Hot Chili Peppers,Kerli,Misericordiam,Tactical Sekt,Talk Talk,Morcheeba
6,Fear Factory,Depeche Mode,Ministry of Sound,a-ha,Shania Twain,Korn,Morcheeba,Slipknot,Pitchshifter,Hocico,Apocalyptica,Static-X,The Kinks,Digital Summer,Britney Spears,Motörhead,Goldfrapp,Apocalyptica,Digital Summer,The Black Dahlia Murder,Korn,Static-X,Pitchshifter,Wir sind Helden,P.O.D.,Ill Niño,Café Del Mar,Anything Box,Rammstein,Ministry of Sound,Slayer,Epica,Arcade Fire,Ministry of Sound,le bowl,China Crisis,Colony 5,Nitzer Ebb,Depeche Mode,Pitchshifter,Metallica,yelworC,Apocalyptica,Bullet for My Valentine,Killswitch Engage,Japan,cnet.com,Katy Perry,Marilyn Manson,Forever the Sickest Kids,Pain,A7ie,Constrobuz,We The Kings,Bullet for My Valentine,The Beatles,Epica,Snow Patrol,The Chemical Brothers,Deftones,Madonna,Enya,Snow Patrol,Talk Talk,A7ie,CAKE,Radiohead,Tool,Killswitch Engage,Cook Da Books,Paulina Rubio,The Killers,雅-MIYAVI-,Simple Plan,Bella Morte,Magnitophono,Fall Out Boy,Fort Minor,Death Cab for Cutie,Muse,Ill Niño,In Flames,Slipknot,Paris Hilton,Damien Rice,Thalía,Keane,Sunn O))),MGMT,Heaven 17,Killswitch Engage,Lady Gaga,The All-American Rejects,Demi Lovato,Segue,Ministry of Sound,Digital Summer,MGMT,yelworC,Saosin,Diary of Dreams,Los Campesinos!,The Human League,Angra,Eric Clapton,Jennette McCurdy,Depeche Mode,Poets of the Fall,Slayer,Moonspell,Moi dix Mois,Drowning Pool,Deftones,Strapping Young Lad,Enigma,Dulce María,Nik Kershaw,Editors,KMFDM,The Pretty Reckless,Tiamat,U2,Keane,Kaiser Chiefs,Pain,Evanescence,Korn,Anything Box,Megadeth,China Crisis,Tiamat,China Crisis,Alesana,Disturbed,Cook Da Books,Evanescence,Oasis,Deftones,Ricky Martin,Radiohead,Static-X,Taylor Swift,Bullet for My Valentine,Céline Dion,The Kills,B.o.B,Ultravox,Megadeth,Demented Are Go!,Dawn of Ashes,30 Seconds to Mars,Kerli,Metallica,The Cure,Fear Factory,Enya,Limp Bizkit,Manic Street Preachers,Jessica Simpson,Pantera,China Crisis,yelworC,Disturbed,Evanescence,Lady Gaga,Beastie Boys,yelworC,Mastodon,yelworC,Clan of Xymox,Nine Inch Nails,Craig David,Ill Niño,My Chemical Romance,GD&TOP,Duran Duran,Goldfrapp,Portishead,The Pussycat Dolls,Peter Murphy,Marilyn Manson,Alan Wilder,Explosions in the Sky,Bob Dylan,Korn,Killswitch Engage,Bullet for My Valentine,Bonanza Banzai,Helloween,Rammstein,Static-X,Within Temptation,The Strokes,Sarah Connor,Madonna,Lady Gaga,Spandau Ballet,Dido
7,Bullet for My Valentine,Portishead,Metallica,Poets of the Fall,Teta Lando,Apocalyptica,Martin L. Gore,Ill Niño,Pain,yelworC,INXS,Rammstein,The Beatles,Dawn of Ashes,Anna Carina,Cook Da Books,Tristania,Nightwish,A7ie,Paradise Lost,Deftones,Metallica,Pain,The Birthday Massacre,Linkin Park,Korn,Portishead,Morcheeba,Static-X,Morcheeba,Muse,Metallica,CAKE,Bauhaus,Ricky Martin,Within Temptation,Code 64,Rotersand,5ive,Pain,Deftones,Björk,Korn,Ill Niño,Megadeth,The Stranglers,Cassie,The Beach Boys,Radiohead,Boys Like Girls,KMFDM,Ministry of Sound,UGK,Cat Power,Slipknot,Bratz,Nightwish,The Fray,The Distillers,Korn,Anything Box,The Human League,30 Seconds to Mars,Billy Idol,A Perfect Circle,Oh No Oh My,Katy Perry,Korn,Megadeth,Kylie Minogue,Lady Gaga,Enigma,BUCK-TICK,Metric,Moonspell,Dulce María,All Time Low,Kid Cudi,Tokyo Police Club,The Beatles,Disturbed,Metallica,All That Remains,Nick Carter,t.A.T.u.,Geri Halliwell,Marilyn Manson,Vampire Weekend,Depeche Mode,Orchestral Manoeuvres in the Dark,Megadeth,Iggy Pop,Paramore,Selena Gomez,Pleq,The Fleshtones,Enigma,Demi Lovato,Ill Niño,Papa Roach,Carpathian Forest,Mika,Madonna,Rush,Garbage,t.A.T.u.,Queens of the Stone Age,Evanescence,Hibria,Marilyn Manson,Bella Morte,Martin L. Gore,Black Label Society,Antimatter,Aly & AJ,Portishead,Poets of the Fall,Black Rebel Motorcycle Club,Arcade Fire,Red Hot Chili Peppers,Sepultura,Air,Icehouse,China Crisis,KMFDM,Japan,Metallica,Daft Punk,Epica,Pulp,Sepultura,The Birthday Massacre,P.O.D.,Slipknot,Kylie Minogue,The Smiths,Alphaville,Ill Niño,Fluke,Pitchshifter,Apocalyptica,Carrie Underwood,Korn,Lady Gaga,The Beatles,Gwen Stefani,Beirut,Dawn of Ashes,Nekromantix,Tactical Sekt,Tarot,Good Charlotte,Apocalyptica,Clan of Xymox,Nadja Benaissa,Prince,My Chemical Romance,Kent,Thalía,Billy Idol,Morcheeba,System of a Down,Slipknot,Limp Bizkit,Justin Bieber,Coldplay,Coldplay,Jethro Tull,Fall Out Boy,Closterkeller,Poets of the Fall,Jennifer Lopez,Killswitch Engage,Sixpence None the Richer,The Velvet Underground,Keane,Nightwish,Hocico,Britney Spears,Bonanza Banzai,DIR EN GREY,Britney Spears,Mono,Green Day,Apocalyptica,Megadeth,Ill Niño,Cook Da Books,The Byrds,Lady Gaga,Metallica,Fey,Owl City,Recoil,Britney Spears,Ministry of Sound,Bonanza Banzai,Christina Aguilera
8,Ill Niño,Radiohead,Apocalyptica,Pleq,Elton John,Bullet for My Valentine,China Crisis,Disturbed,Dawn of Ashes,U2,Information Society,Deftones,Bon Jovi,Era,Helena Paparizou,Bauhaus,Drowning Pool,System of a Down,The Pretty Reckless,Fear Factory,Slipknot,Bullet for My Valentine,Duran Duran,Paramore,Limp Bizkit,Killswitch Engage,Hocico,Bonanza Banzai,Enigma,Enigma,Marilyn Manson,Apocalyptica,Andrew Bird,Fake,Martin L. Gore,Vanessa Hudgens,Front Line Assembly,VNV Nation,Children of Bodom,Jessica Simpson,A Perfect Circle,HIM,Bullet for My Valentine,Killswitch Engage,Disturbed,The Fleshtones,Miike Snow,Cook Da Books,KMFDM,Mayday Parade,The Cheetah Girls,Pleq,Lykke Li,B.o.B,Epica,Christina Aguilera,Slipknot,Beirut,Portishead,Apocalyptica,Kylie Minogue,Marvin Gaye,Good Charlotte,Muse,Depeche Mode,Coldplay,Duran Duran,Ayreon,Epica,New Order,Anahí,Ministry of Sound,HYDE,BrokeNCYDE,Marilyn Manson,Sandy,Hey Monday,B.o.B,MALICE MIZER,The Rolling Stones,Stone Sour,Deftones,Limp Bizkit,Emily Osment,Anything Box,Ke$ha,Radiohead,The Human League,Metallica,Information Society,Disturbed,Evanescence,The Pretty Reckless,Emmanuel Horvilleur,Epica,Motörhead,Madonna,blink-182,Disturbed,P.O.D.,Moi dix Mois,Matt & Kim,U2,Strapping Young Lad,Brad Paisley,Vanessa Hudgens,Primal Scream,a-ha,Blind Guardian,DIR EN GREY,Moonspell,Magnitophono,Five Finger Death Punch,Leafblade,Duran Duran,Daft Punk,Belle and Sebastian,The Shins,Andrew Bird,Demi Lovato,Metallica,Elton John,And One,Information Society,A7ie,Coldplay,System of a Down,Segue,Disturbed,The Human League,Nightwish,Segue,Ayria,Stone Sour,Wham!,She Wants Revenge,Fleet Foxes,Killswitch Engage,t.A.T.u.,Pain,Bullet for My Valentine,Fleetwood Mac,Paradise Lost,Dannii Minogue,Katy Perry,Editors,Kate Nash,Tactical Sekt,Pet Shop Boys,Pitchshifter,The Sisters of Mercy,Motörhead,Megadeth,Within Temptation,Wir sind Helden,Bruce Springsteen,Sixpence None the Richer,Evanescence,Atomic Kitten,Dixie Chicks,Bonanza Banzai,Drowning Pool,Stone Sour,The Rolling Stones,Paramore,Poets of the Fall,Elton John,Britney Spears,New Order,The Crüxshadows,Korn,Black Eyed Peas,Disturbed,Bat for Lashes,Frank Sinatra,Garbage,Madonna,yelworC,The Who,Billy Idol,Combichrist,Sally Shapiro,Isis,Jason Mraz,System of a Down,A Day to Remember,Killswitch Engage,Duran Duran,Slayer,Beirut,Apocalyptica,A*Teens,Beirut,Adam Lambert,Duran Duran,Pleq,The Police,Ayria
9,Killswitch Engage,Garbage,Nightwish,Linkin Park,Flagelo Urbano,Deftones,Duran Duran,Stone Sour,Tactical Sekt,The Human League,Blondie,Dido,The Beach Boys,Magnitophono,Kalomoira,The Smiths,Digital Summer,A Perfect Circle,Enigma,Tiamat,Nightwish,Ill Niño,Martin L. Gore,Guns N' Roses,Enigma,Megadeth,yelworC,The Cheetah Girls,A Perfect Circle,Bonanza Banzai,Ayria,Bullet for My Valentine,Red Hot Chili Peppers,Cook Da Books,Shania Twain,Tristania,Dragonette,Seabound,Shaaman,Christina Aguilera,Bullet for My Valentine,5ive,Deftones,Megadeth,Slipknot,The Barracudas,t.A.T.u.,Wham!,Coldplay,We The Kings,Vanessa Hudgens,Duran Duran,Jurassic 5,Ramones,Nightwish,The Kills,Ill Niño,Arcade Fire,Maria Bethânia,Bullet for My Valentine,Hilary Duff,Ray Charles,A Day to Remember,Placebo,Café Del Mar,Air,Led Zeppelin,Megadeth,Disturbed,Wham!,Kelly Clarkson,Tokio Hotel,モンゴル800,Duffy,DIR EN GREY,Ministry of Sound,Forever the Sickest Kids,Jay-Z,Diary of Dreams,Roxy Music,In Flames,A Perfect Circle,Papa Roach,Allison Iraheta,Ladytron,Fey,a-ha,Ultravox,KMFDM,Ultravox,Slipknot,Frédéric Chopin,Gorillaz,Bratz,Bullet for My Valentine,Siouxsie and the Banshees,Ashley Tisdale,Johann Sebastian Bach,Stone Sour,Lostprophets,Bella Morte,S Club 7,Oasis,Antimatter,Bruce Springsteen,Lindsay Lohan,KMFDM,Portishead,Agent Steel,Combichrist,Marilyn Manson,Suede,Lostprophets,Coheed and Cambria,Drowning Pool,Depeche Mode,Pulp,Digitalism,Bob Dylan,Enrique Iglesias,Apocalyptica,Bright Eyes,Alphaville,Red Hot Chili Peppers,System of a Down,Depeche Mode,Martin L. Gore,Hocico,Slipknot,Massive Attack,Bullet for My Valentine,Michael Jackson,Lacrimosa,Deftones,Bauhaus,Sixpence None the Richer,Dave Matthews Band,Megadeth,Daft Punk,B.o.B,Metallica,Michael Jackson,In Flames,Jennifer Lopez,Lady Gaga,Death Cab for Cutie,Animal Collective,A Perfect Circle,Madonna,Pain,Creedence Clearwater Revival,Nine Inch Nails,Bullet for My Valentine,Lacrimosa,Dark Phenomenon,The Doors,Radiohead,Keane,Sigur Rós,Linkin Park,Kylie Minogue,Digital Summer,Bullet for My Valentine,Radiohead,Shania Twain,The Human League,Michael Jackson,5ive,Pet Shop Boys,And One,30 Seconds to Mars,Kanye West,Slipknot,Dido,Bryan Adams,Paramore,Enya,Duran Duran,Primal Scream,Fake,Grendel,Electronic,Radiohead,Spoon,A Perfect Circle,Hey Monday,Epica,Peter Murphy,Iron Maiden,Arcade Fire,Fear Factory,The Used,Britney Spears,Ayria,INXS,Ashlee Simpson,Radiohead,a-ha
